{ "EDUDG":[ 
{
"UDG": "1",
"Description": "Adm_T1",
"PriceWeights": 0.3608}, 
{
"UDG": "2",
"Description": "Adm_T2",
"PriceWeights": 0.2388}, 
{
"UDG": "3",
"Description": "Adm_T3",
"PriceWeights": 0.1948}, 
{
"UDG": "4",
"Description": "Adm_T4",
"PriceWeights": 0.1536}, 
{
"UDG": "5",
"Description": "Adm_T5",
"PriceWeights": 0.1155}, 
{
"UDG": "6",
"Description": "N-A_T1",
"PriceWeights": 0.277}, 
{
"UDG": "7",
"Description": "N-A_T2",
"PriceWeights": 0.1602}, 
{
"UDG": "8",
"Description": "N-A_T3",
"PriceWeights": 0.1133}, 
{
"UDG": "9",
"Description": "N-A_T4",
"PriceWeights": 0.076}, 
{
"UDG": "10",
"Description": "N-A_T5",
"PriceWeights": 0.0489}, 
{
"UDG": "11",
"Description": "Did Not Wait",
"PriceWeights": 0.036}, 
{
"UDG": "12",
"Description": "Dead on Arrival w any Triage w any MDB",
"PriceWeights": 0.0401}, 
{
"UDG": "13",
"Description": "Transfer presentation",
"PriceWeights": 0.2319}, 
{
"UDG": "14",
"Description": "Died in emergency department",
"PriceWeights": 0.2893}, 
{
"UDG": "15",
"Description": "Adm_Return visit, planned w any Triage",
"PriceWeights": 0.0988}, 
{
"UDG": "16",
"Description": "N-A Return visit, planned - Triage 1, 2, 3",
"PriceWeights": 0.0944}, 
{
"UDG": "17",
"Description": "N-A Return visit, planned - Triage 4,5",
"PriceWeights": 0.0499}
]}
