{ "EDURG":[ 
{
"URG": "3",
"Description": "Adm_T1_Injury",
"PriceWeights": 0.4392,
"Disposition": "Admitted",
"Triage": 1,
"MDB": "Injury"}, 
{
"URG": "4",
"Description": "Adm_T1_Poisoning/Toxic effects of drugs",
"PriceWeights": 0.3443,
"Disposition": "Admitted",
"Triage": 1,
"MDB": "Poisoning/Toxic effects of drugs"}, 
{
"URG": "5",
"Description": "Adm_T1_Respiratory system illness",
"PriceWeights": 0.3533,
"Disposition": "Admitted",
"Triage": 1,
"MDB": "Respiratory system illness"}, 
{
"URG": "6",
"Description": "Adm_T1_Circulatory system and Endocrine, nutritional and metabolic illness",
"PriceWeights": 0.3224,
"Disposition": "Admitted",
"Triage": 1,
"MDB": "Circulatory system and Endocrine, nutritional and metabolic illness"}, 
{
"URG": "7",
"Description": "Adm_T1_All other MDB groups",
"PriceWeights": 0.365,
"Disposition": "Admitted",
"Triage": 1,
"MDB": "All other MDB groups"}, 
{
"URG": "9",
"Description": "Adm_T2_Poisoning",
"PriceWeights": 0.2222,
"Disposition": "Admitted",
"Triage": 2,
"MDB": "Poisoning"}, 
{
"URG": "10",
"Description": "Adm_T2_Injury",
"PriceWeights": 0.2774,
"Disposition": "Admitted",
"Triage": 2,
"MDB": "Injury"}, 
{
"URG": "11",
"Description": "Adm_T2_Gastrointestinal system and Digestive system illness",
"PriceWeights": 0.259,
"Disposition": "Admitted",
"Triage": 2,
"MDB": "Gastrointestinal system and Digestive system illness"}, 
{
"URG": "12",
"Description": "Adm_T2_Respiratory system illness",
"PriceWeights": 0.2412,
"Disposition": "Admitted",
"Triage": 2,
"MDB": "Respiratory system illness"}, 
{
"URG": "14",
"Description": "Adm_T2_Neurological illness",
"PriceWeights": 0.2821,
"Disposition": "Admitted",
"Triage": 2,
"MDB": "Neurological illness"}, 
{
"URG": "15",
"Description": "Adm_T2_Toxic effects of drugs",
"PriceWeights": 0.2223,
"Disposition": "Admitted",
"Triage": 2,
"MDB": "Toxic effects of drugs"}, 
{
"URG": "16",
"Description": "Adm_T2_Circulatory system and Endocrine, nutritional and metabolic illness",
"PriceWeights": 0.2125,
"Disposition": "Admitted",
"Triage": 2,
"MDB": "Circulatory system and Endocrine, nutritional and metabolic illness"}, 
{
"URG": "17",
"Description": "Adm_T2_All other MDB groups",
"PriceWeights": 0.199,
"Disposition": "Admitted",
"Triage": 2,
"MDB": "All other MDB groups"}, 
{
"URG": "19",
"Description": "Adm_T3_Blood/Immune system illness & system infection/parasites",
"PriceWeights": 0.2117,
"Disposition": "Admitted",
"Triage": 3,
"MDB": "Blood/Immune system illness & system infection/parasites"}, 
{
"URG": "20",
"Description": "Adm_T3_Injury",
"PriceWeights": 0.1984,
"Disposition": "Admitted",
"Triage": 3,
"MDB": "Injury"}, 
{
"URG": "21",
"Description": "Adm_T3_Neurological illness",
"PriceWeights": 0.2175,
"Disposition": "Admitted",
"Triage": 3,
"MDB": "Neurological illness"}, 
{
"URG": "22",
"Description": "Adm_T3_Obstetric/Gynaecological illness",
"PriceWeights": 0.1128,
"Disposition": "Admitted",
"Triage": 3,
"MDB": "Obstetric/Gynaecological illness"}, 
{
"URG": "23",
"Description": "Adm_T3_Digestive system illness",
"PriceWeights": 0.2064,
"Disposition": "Admitted",
"Triage": 3,
"MDB": "Digestive system illness"}, 
{
"URG": "24",
"Description": "Adm_T3_Circulatory system illness and endocrine, nutritional and metabolic illness",
"PriceWeights": 0.1961,
"Disposition": "Admitted",
"Triage": 3,
"MDB": "Circulatory system illness and endocrine, nutritional and metabolic illness"}, 
{
"URG": "25",
"Description": "Adm_T3_Poisoning/Toxic effects of drugs",
"PriceWeights": 0.1794,
"Disposition": "Admitted",
"Triage": 3,
"MDB": "Poisoning/Toxic effects of drugs"}, 
{
"URG": "26",
"Description": "Adm_T3_Urological illness",
"PriceWeights": 0.1966,
"Disposition": "Admitted",
"Triage": 3,
"MDB": "Urological illness"}, 
{
"URG": "27",
"Description": "Adm_T3_Respiratory system illness",
"PriceWeights": 0.2024,
"Disposition": "Admitted",
"Triage": 3,
"MDB": "Respiratory system illness"}, 
{
"URG": "29",
"Description": "Adm_T3_All other MDB groups",
"PriceWeights": 0.1825,
"Disposition": "Admitted",
"Triage": 3,
"MDB": "All other MDB groups"}, 
{
"URG": "30",
"Description": "Adm_T4_Poisoning/Toxic effects of drugs",
"PriceWeights": 0.132,
"Disposition": "Admitted",
"Triage": 4,
"MDB": "Poisoning/Toxic effects of drugs"}, 
{
"URG": "31",
"Description": "Adm_T4_Respiratory system illness",
"PriceWeights": 0.167,
"Disposition": "Admitted",
"Triage": 4,
"MDB": "Respiratory system illness"}, 
{
"URG": "32",
"Description": "Adm_T4_Gastrointestinal system and Digestive system illness",
"PriceWeights": 0.1696,
"Disposition": "Admitted",
"Triage": 4,
"MDB": "Gastrointestinal system and Digestive system illness"}, 
{
"URG": "33",
"Description": "Adm_T4_All other MDB groups",
"PriceWeights": 0.1538,
"Disposition": "Admitted",
"Triage": 4,
"MDB": "All other MDB groups"}, 
{
"URG": "34",
"Description": "Adm_T4_Injury",
"PriceWeights": 0.1465,
"Disposition": "Admitted",
"Triage": 4,
"MDB": "Injury"}, 
{
"URG": "35",
"Description": "Adm_T4_Social problem/Other presentation",
"PriceWeights": 0.1465,
"Disposition": "Admitted",
"Triage": 4,
"MDB": "Social problem/Other presentation"}, 
{
"URG": "37",
"Description": "Adm_T5_All other MDB groups 1",
"PriceWeights": 0.1025,
"Disposition": "Admitted",
"Triage": 5,
"MDB": "All other MDB groups 1"}, 
{
"URG": "38",
"Description": "Dead on Arrival w any Triage w any MDB",
"PriceWeights": 0.05008,
"Disposition": "DOA",
"Triage": "n/a",
"MDB": "n/a"}, 
{
"URG": "39",
"Description": "N-A_T1_All MDB groups",
"PriceWeights": 0.3001,
"Disposition": "Non-admitted",
"Triage": 1,
"MDB": "All MDB groups"}, 
{
"URG": "40",
"Description": "N-A_T2_Toxic effects of drugs",
"PriceWeights": 0.2002,
"Disposition": "Non-admitted",
"Triage": 2,
"MDB": "Toxic effects of drugs"}, 
{
"URG": "43",
"Description": "N-A_T2_Circulatory system / Endocrine, nutritional and metabolic diseases",
"PriceWeights": 0.1668,
"Disposition": "Non-admitted",
"Triage": 2,
"MDB": "Circulatory system / Endocrine, nutritional and metabolic diseases"}, 
{
"URG": "44",
"Description": "N-A_T2_Injury",
"PriceWeights": 0.1572,
"Disposition": "Non-admitted",
"Triage": 2,
"MDB": "Injury"}, 
{
"URG": "45",
"Description": "N-A_T2_Poisoning",
"PriceWeights": 0.1769,
"Disposition": "Non-admitted",
"Triage": 2,
"MDB": "Poisoning"}, 
{
"URG": "46",
"Description": "N-A_T2_All other MDB groups",
"PriceWeights": 0.1387,
"Disposition": "Non-admitted",
"Triage": 2,
"MDB": "All other MDB groups"}, 
{
"URG": "48",
"Description": "N-A_T3_Circulatory system and Endocrine, nutritional and metabolic illness",
"PriceWeights": 0.1273,
"Disposition": "Non-admitted",
"Triage": 3,
"MDB": "Circulatory system and Endocrine, nutritional and metabolic illness"}, 
{
"URG": "50",
"Description": "N-A_T3_Injury",
"PriceWeights": 0.1127,
"Disposition": "Non-admitted",
"Triage": 3,
"MDB": "Injury"}, 
{
"URG": "51",
"Description": "N-A_T3_Genitourinary illness",
"PriceWeights": 0.1292,
"Disposition": "Non-admitted",
"Triage": 3,
"MDB": "Genitourinary illness"}, 
{
"URG": "52",
"Description": "N-A_T3_Gastrointestinal system and Digestive system illness",
"PriceWeights": 0.1241,
"Disposition": "Non-admitted",
"Triage": 3,
"MDB": "Gastrointestinal system and Digestive system illness"}, 
{
"URG": "53",
"Description": "N-A_T3_Neurological illness",
"PriceWeights": 0.1306,
"Disposition": "Non-admitted",
"Triage": 3,
"MDB": "Neurological illness"}, 
{
"URG": "55",
"Description": "N-A_T3_Respiratory system illness",
"PriceWeights": 0.1069,
"Disposition": "Non-admitted",
"Triage": 3,
"MDB": "Respiratory system illness"}, 
{
"URG": "56",
"Description": "N-A_T3_Musculoskeletal/connective tissue illness",
"PriceWeights": 0.1141,
"Disposition": "Non-admitted",
"Triage": 3,
"MDB": "Musculoskeletal/connective tissue illness"}, 
{
"URG": "57",
"Description": "N-A_T3_All other MDB groups",
"PriceWeights": 0.0992,
"Disposition": "Non-admitted",
"Triage": 3,
"MDB": "All other MDB groups"}, 
{
"URG": "58",
"Description": "N-A_T4_Injury",
"PriceWeights": 0.0739,
"Disposition": "Non-admitted",
"Triage": 4,
"MDB": "Injury"}, 
{
"URG": "60",
"Description": "N-A_T4_Urological system illness",
"PriceWeights": 0.0881,
"Disposition": "Non-admitted",
"Triage": 4,
"MDB": "Urological system illness"}, 
{
"URG": "61",
"Description": "N-A_T4_Circulatory system / Endocrine, nutritional and metabolic illness",
"PriceWeights": 0.0895,
"Disposition": "Non-admitted",
"Triage": 4,
"MDB": "Circulatory system / Endocrine, nutritional and metabolic illness"}, 
{
"URG": "62",
"Description": "N-A_T4_Gastrointestinal system and Digestive system illness",
"PriceWeights": 0.0869,
"Disposition": "Non-admitted",
"Triage": 4,
"MDB": "Gastrointestinal system and Digestive system illness"}, 
{
"URG": "63",
"Description": "N-A_T4_Musculoskeletal/connective tissue illness",
"PriceWeights": 0.0791,
"Disposition": "Non-admitted",
"Triage": 4,
"MDB": "Musculoskeletal/connective tissue illness"}, 
{
"URG": "65",
"Description": "N-A_T4_Illness of the ENT",
"PriceWeights": 0.0628,
"Disposition": "Non-admitted",
"Triage": 4,
"MDB": "Illness of the ENT"}, 
{
"URG": "66",
"Description": "N-A_T4_Illness of the Eyes",
"PriceWeights": 0.0572,
"Disposition": "Non-admitted",
"Triage": 4,
"MDB": "Illness of the Eyes"}, 
{
"URG": "67",
"Description": "N-A_T4_Other presentation block",
"PriceWeights": 0.0702,
"Disposition": "Non-admitted",
"Triage": 4,
"MDB": "Other presentation block"}, 
{
"URG": "68",
"Description": "N-A_T4_All other MDB groups",
"PriceWeights": 0.0772,
"Disposition": "Non-admitted",
"Triage": 4,
"MDB": "All other MDB groups"}, 
{
"URG": "69",
"Description": "N-A_T5_Poisoning/Toxic effects of drugs",
"PriceWeights": 0.0536,
"Disposition": "Non-admitted",
"Triage": 5,
"MDB": "Poisoning/Toxic effects of drugs"}, 
{
"URG": "70",
"Description": "N-A_T5_Injury",
"PriceWeights": 0.0511,
"Disposition": "Non-admitted",
"Triage": 5,
"MDB": "Injury"}, 
{
"URG": "71",
"Description": "N-A_T5_Other presentation block",
"PriceWeights": 0.0449,
"Disposition": "Non-admitted",
"Triage": 5,
"MDB": "Other presentation block"}, 
{
"URG": "72",
"Description": "N-A_T5_All other MDB groups",
"PriceWeights": 0.0538,
"Disposition": "Non-admitted",
"Triage": 5,
"MDB": "All other MDB groups"}, 
{
"URG": "73",
"Description": "Did Not Wait",
"PriceWeights": 0.033,
"Disposition": "Did not wait",
"Triage": "n/a",
"MDB": "n/a"}, 
{
"URG": "74",
"Description": "Transfer presentation_1, 2",
"PriceWeights": 0.2362,
"Disposition": "Transfer",
"Triage": 1,
"MDB": "n/a"}, 
{
"URG": "75",
"Description": "Died in emergency department_triage 1",
"PriceWeights": 0.2624,
"Disposition": "Died in ED",
"Triage": 1,
"MDB": "n/a"}, 
{
"URG": "76",
"Description": "Adm_Return visit, planned w any Triage",
"PriceWeights": 0.1181,
"Disposition": "Return",
"Triage": "n/a",
"MDB": "n/a"}, 
{
"URG": "77",
"Description": "N-A Return visit, planned - Triage 1, 2",
"PriceWeights": 0.1289,
"Disposition": "Return",
"Triage": 1,
"MDB": "n/a"}, 
{
"URG": "78",
"Description": "N-A Return visit, planned - Triage 3-5",
"PriceWeights": 0.0616,
"Disposition": "Return",
"Triage": 2,
"MDB": "n/a"}, 
{
"URG": "79",
"Description": "Adm_T1_Psychiatric illness",
"PriceWeights": 0.3887,
"Disposition": "Admitted",
"Triage": 1,
"MDB": "Psychiatric illness"}, 
{
"URG": "80",
"Description": "Adm_T2_System infection/parasites",
"PriceWeights": 0.267,
"Disposition": "Admitted",
"Triage": 2,
"MDB": "System infection/parasites"}, 
{
"URG": "81",
"Description": "Adm_T2_Urological system illness",
"PriceWeights": 0.2378,
"Disposition": "Admitted",
"Triage": 2,
"MDB": "Urological system illness"}, 
{
"URG": "82",
"Description": "Adm_T2_Psychiatric illness",
"PriceWeights": 0.2476,
"Disposition": "Admitted",
"Triage": 2,
"MDB": "Psychiatric illness"}, 
{
"URG": "83",
"Description": "Adm_T3_Illness of eyes, ear, nose, throat",
"PriceWeights": 0.1519,
"Disposition": "Admitted",
"Triage": 3,
"MDB": "Illness of eyes, ear, nose, throat"}, 
{
"URG": "84",
"Description": "Adm_T3_Hepatobiliary system illness",
"PriceWeights": 0.2204,
"Disposition": "Admitted",
"Triage": 3,
"MDB": "Hepatobiliary system illness"}, 
{
"URG": "85",
"Description": "Adm_T3_Psychiatric illness",
"PriceWeights": 0.191,
"Disposition": "Admitted",
"Triage": 3,
"MDB": "Psychiatric illness"}, 
{
"URG": "86",
"Description": "Adm_T4_Circulatory system illness and Endocrine, nutritional and metabolic illness",
"PriceWeights": 0.1654,
"Disposition": "Admitted",
"Triage": 4,
"MDB": "Circulatory system illness and Endocrine, nutritional and metabolic illness"}, 
{
"URG": "87",
"Description": "Adm_T4_Illness of eyes, ear nose and throat",
"PriceWeights": 0.124,
"Disposition": "Admitted",
"Triage": 4,
"MDB": "Illness of eyes, ear nose and throat"}, 
{
"URG": "88",
"Description": "Adm_T4_Blood/immune system illness/system infection/parasites",
"PriceWeights": 0.1685,
"Disposition": "Admitted",
"Triage": 4,
"MDB": "Blood/immune system illness/system infection/parasites"}, 
{
"URG": "89",
"Description": "Adm_T4_Gynaecological and Male reproductive system illness",
"PriceWeights": 0.1363,
"Disposition": "Admitted",
"Triage": 4,
"MDB": "Gynaecological and Male reproductive system illness"}, 
{
"URG": "90",
"Description": "Adm_T4_Psychiatric illness",
"PriceWeights": 0.1511,
"Disposition": "Admitted",
"Triage": 4,
"MDB": "Psychiatric illness"}, 
{
"URG": "91",
"Description": "Adm_T5_All other MDB groups 2",
"PriceWeights": 0.1261,
"Disposition": "Admitted",
"Triage": 5,
"MDB": "All other MDB groups 2"}, 
{
"URG": "92",
"Description": "Adm_T5_Injury",
"PriceWeights": 0.1076,
"Disposition": "Admitted",
"Triage": 5,
"MDB": "Injury"}, 
{
"URG": "93",
"Description": "Adm_T5_Gastrointestinal system and Digestive system illness",
"PriceWeights": 0.1361,
"Disposition": "Admitted",
"Triage": 5,
"MDB": "Gastrointestinal system and Digestive system illness"}, 
{
"URG": "94",
"Description": "Adm_T5_Psychiatric illness",
"PriceWeights": 0.1245,
"Disposition": "Admitted",
"Triage": 5,
"MDB": "Psychiatric illness"}, 
{
"URG": "95",
"Description": "N-A_T2_Respiratory system illness",
"PriceWeights": 0.1502,
"Disposition": "Non-admitted",
"Triage": 2,
"MDB": "Respiratory system illness"}, 
{
"URG": "96",
"Description": "N-A_T2_Urological system illness",
"PriceWeights": 0.1759,
"Disposition": "Non-admitted",
"Triage": 2,
"MDB": "Urological system illness"}, 
{
"URG": "97",
"Description": "N-A_T2_Gastrointestinal system and Digestive system illness",
"PriceWeights": 0.1575,
"Disposition": "Non-admitted",
"Triage": 2,
"MDB": "Gastrointestinal system and Digestive system illness"}, 
{
"URG": "98",
"Description": "N-A_T2_Neurological illness",
"PriceWeights": 0.1751,
"Disposition": "Non-admitted",
"Triage": 2,
"MDB": "Neurological illness"}, 
{
"URG": "99",
"Description": "N-A_T2_Blood/immune system illness/system infection/parasites",
"PriceWeights": 0.1457,
"Disposition": "Non-admitted",
"Triage": 2,
"MDB": "Blood/immune system illness/system infection/parasites"}, 
{
"URG": "100",
"Description": "N-A_T2_Psychiatric illness",
"PriceWeights": 0.1599,
"Disposition": "Non-admitted",
"Triage": 2,
"MDB": "Psychiatric illness"}, 
{
"URG": "101",
"Description": "N-A_T3_Poisoning",
"PriceWeights": 0.1198,
"Disposition": "Non-admitted",
"Triage": 3,
"MDB": "Poisoning"}, 
{
"URG": "102",
"Description": "N-A_T3_Toxic effects of drugs",
"PriceWeights": 0.1342,
"Disposition": "Non-admitted",
"Triage": 3,
"MDB": "Toxic effects of drugs"}, 
{
"URG": "103",
"Description": "N-A_T3_Illness of eyes",
"PriceWeights": 0.0791,
"Disposition": "Non-admitted",
"Triage": 3,
"MDB": "Illness of eyes"}, 
{
"URG": "104",
"Description": "N-A_T3_Blood/immune system illness/system infection/parasites",
"PriceWeights": 0.0995,
"Disposition": "Non-admitted",
"Triage": 3,
"MDB": "Blood/immune system illness/system infection/parasites"}, 
{
"URG": "105",
"Description": "N-A_T3_Psychiatric illness",
"PriceWeights": 0.1169,
"Disposition": "Non-admitted",
"Triage": 3,
"MDB": "Psychiatric illness"}, 
{
"URG": "106",
"Description": "N-A_T4_Poisoning",
"PriceWeights": 0.0698,
"Disposition": "Non-admitted",
"Triage": 4,
"MDB": "Poisoning"}, 
{
"URG": "107",
"Description": "N-A_T4_Toxic effects of drugs",
"PriceWeights": 0.0879,
"Disposition": "Non-admitted",
"Triage": 4,
"MDB": "Toxic effects of drugs"}, 
{
"URG": "108",
"Description": "N-A_T4_Respiratory system illness",
"PriceWeights": 0.0741,
"Disposition": "Non-admitted",
"Triage": 4,
"MDB": "Respiratory system illness"}, 
{
"URG": "109",
"Description": "N-A_T4_Blood/Immune system illness/System infection/parasites",
"PriceWeights": 0.0709,
"Disposition": "Non-admitted",
"Triage": 4,
"MDB": "Blood/Immune system illness/System infection/parasites"}, 
{
"URG": "110",
"Description": "N-A_T4_Obstetric and Newborn/Neonate",
"PriceWeights": 0.0773,
"Disposition": "Non-admitted",
"Triage": 4,
"MDB": "Obstetric and Newborn/Neonate"}, 
{
"URG": "111",
"Description": "N-A_T4_Gynecological/Male reproductive system illness",
"PriceWeights": 0.0833,
"Disposition": "Non-admitted",
"Triage": 4,
"MDB": "Gynecological/Male reproductive system illness"}, 
{
"URG": "112",
"Description": "N-A_T4_Psychiatric illness",
"PriceWeights": 0.0818,
"Disposition": "Non-admitted",
"Triage": 4,
"MDB": "Psychiatric illness"}, 
{
"URG": "113",
"Description": "N-A_T5_Circulatory system illness/Endocrine, nutritional and metabolic diseases",
"PriceWeights": 0.0584,
"Disposition": "Non-admitted",
"Triage": 5,
"MDB": "Circulatory system illness/Endocrine, nutritional and metabolic diseases"}, 
{
"URG": "114",
"Description": "N-A_T5_Gastrointestinal system and Digestive system illness",
"PriceWeights": 0.0561,
"Disposition": "Non-admitted",
"Triage": 5,
"MDB": "Gastrointestinal system and Digestive system illness"}, 
{
"URG": "115",
"Description": "N-A_T5_Illness of the eyes, ear, nose and throat",
"PriceWeights": 0.0412,
"Disposition": "Non-admitted",
"Triage": 5,
"MDB": "Illness of the eyes, ear, nose and throat"}, 
{
"URG": "116",
"Description": "N-A_T5_Illness of the skin, subcutaneous tissue, breast/Musculoskeletal/Connective tissue illness",
"PriceWeights": 0.0508,
"Disposition": "Non-admitted",
"Triage": 5,
"MDB": "Illness of the skin, subcutaneous tissue, breast/Musculoskeletal/Connective tissue illness"}, 
{
"URG": "117",
"Description": "N-A_T5_Blood/immune system illness/system infection/parasites",
"PriceWeights": 0.0468,
"Disposition": "Non-admitted",
"Triage": 5,
"MDB": "Blood/immune system illness/system infection/parasites"}, 
{
"URG": "118",
"Description": "N-A_T5_Obstetric illness/Newborn/Neonate",
"PriceWeights": 0.0423,
"Disposition": "Non-admitted",
"Triage": 5,
"MDB": "Obstetric illness/Newborn/Neonate"}, 
{
"URG": "119",
"Description": "N-A_T5_Genitourinary system illness",
"PriceWeights": 0.052,
"Disposition": "Non-admitted",
"Triage": 5,
"MDB": "Genitourinary system illness"}, 
{
"URG": "120",
"Description": "N-A_T5_Psychiatric illness",
"PriceWeights": 0.0531,
"Disposition": "Non-admitted",
"Triage": 5,
"MDB": "Psychiatric illness"}, 
{
"URG": "121",
"Description": "Transfer presentation_3",
"PriceWeights": 0.2159,
"Disposition": "Transfer",
"Triage": 3,
"MDB": "n/a"}, 
{
"URG": "122",
"Description": "Transfer presentation_4",
"PriceWeights": 0.1588,
"Disposition": "Transfer",
"Triage": 4,
"MDB": "n/a"}, 
{
"URG": "123",
"Description": "Transfer presentation_5",
"PriceWeights": 0.1004,
"Disposition": "Transfer",
"Triage": 5,
"MDB": "n/a"}, 
{
"URG": "124",
"Description": "Died in emergency department_triage 2-5",
"PriceWeights": 0.2715,
"Disposition": "Died in ED",
"Triage": 2,
"MDB": "n/a"}, 
{
"URG": "125",
"Description": "Left at own risk_1, 2",
"PriceWeights": 0.1551,
"Disposition": "Left at own risk",
"Triage": 1,
"MDB": "n/a"}, 
{
"URG": "126",
"Description": "Left at own risk_3",
"PriceWeights": 0.0975,
"Disposition": "Left at own risk",
"Triage": 3,
"MDB": "n/a"}, 
{
"URG": "127",
"Description": "Left at own risk_4",
"PriceWeights": 0.065,
"Disposition": "Left at own risk",
"Triage": 4,
"MDB": "n/a"}, 
{
"URG": "128",
"Description": "Left at own risk_5",
"PriceWeights": 0.0466,
"Disposition": "Left at own risk",
"Triage": 5,
"MDB": "n/a"}
]}
