{ "Facilities":[ 
{
"LHD": "X810",
"Facilities": "Byron District Hospital",
"FacilityID": "H204",
"ABF": true,
"EDClass": "UDG",
"EDLevel": 2,
"ICULevel": false,
"Peer": "D1b",
"SpecialistPaed": false,
"IsNewFacility": true}, 
{
"LHD": "X810",
"Facilities": "Mullumbimby & District War Memorial Hospital",
"FacilityID": "H220",
"ABF": true,
"EDClass": "UDG",
"EDLevel": 2,
"ICULevel": false,
"Peer": "D1b",
"SpecialistPaed": false,
"IsNewFacility": true}, 
{
"LHD": "X710",
"Facilities": "Bankstown/Lidcombe Hospital",
"FacilityID": "D227",
"ABF": true,
"EDClass": "URG",
"EDLevel": 5,
"ICULevel": true,
"Peer": "A1",
"SpecialistPaed": false,
"IsNewFacility": false}, 
{
"LHD": "X700",
"Facilities": "Concord Hospital",
"FacilityID": "A237",
"ABF": true,
"EDClass": "URG",
"EDLevel": 5,
"ICULevel": true,
"Peer": "A1",
"SpecialistPaed": false,
"IsNewFacility": false}, 
{
"LHD": "X770",
"Facilities": "Gosford District Hospital",
"FacilityID": "B202",
"ABF": true,
"EDClass": "URG",
"EDLevel": 5,
"ICULevel": true,
"Peer": "A1",
"SpecialistPaed": false,
"IsNewFacility": false}, 
{
"LHD": "X800",
"Facilities": "John Hunter Hospital",
"FacilityID": "Q230",
"ABF": true,
"EDClass": "URG",
"EDLevel": 6,
"ICULevel": true,
"Peer": "A1",
"SpecialistPaed": true,
"IsNewFacility": false}, 
{
"LHD": "X710",
"Facilities": "Liverpool Hospital",
"FacilityID": "D209",
"ABF": true,
"EDClass": "URG",
"EDLevel": 6,
"ICULevel": true,
"Peer": "A1",
"SpecialistPaed": false,
"IsNewFacility": false}, 
{
"LHD": "X750",
"Facilities": "Nepean Hospital",
"FacilityID": "D210",
"ABF": true,
"EDClass": "URG",
"EDLevel": 5,
"ICULevel": true,
"Peer": "A1",
"SpecialistPaed": false,
"IsNewFacility": false}, 
{
"LHD": "X720",
"Facilities": "Prince of Wales Hospital",
"FacilityID": "C208",
"ABF": true,
"EDClass": "URG",
"EDLevel": 6,
"ICULevel": true,
"Peer": "A1",
"SpecialistPaed": false,
"IsNewFacility": false}, 
{
"LHD": "X760",
"Facilities": "Royal North Shore Hospital",
"FacilityID": "B218",
"ABF": true,
"EDClass": "URG",
"EDLevel": 6,
"ICULevel": true,
"Peer": "A1",
"SpecialistPaed": false,
"IsNewFacility": false}, 
{
"LHD": "X700",
"Facilities": "Royal Prince Alfred Hospital",
"FacilityID": "A208",
"ABF": true,
"EDClass": "URG",
"EDLevel": 6,
"ICULevel": true,
"Peer": "A1",
"SpecialistPaed": false,
"IsNewFacility": false}, 
{
"LHD": "X700",
"Facilities": "RPAH Institute Rheumatology & Orthopaedics",
"FacilityID": "A239",
"ABF": true,
"EDClass": false,
"EDLevel": false,
"ICULevel": false,
"Peer": "A1",
"SpecialistPaed": false,
"IsNewFacility": false}, 
{
"LHD": "X720",
"Facilities": "St George Hospital",
"FacilityID": "C213",
"ABF": true,
"EDClass": "URG",
"EDLevel": 6,
"ICULevel": true,
"Peer": "A1",
"SpecialistPaed": false,
"IsNewFacility": false}, 
{
"LHD": "X690",
"Facilities": "St Vincent's Public Hospital",
"FacilityID": "A212",
"ABF": true,
"EDClass": "URG",
"EDLevel": 6,
"ICULevel": true,
"Peer": "A1",
"SpecialistPaed": false,
"IsNewFacility": false}, 
{
"LHD": "X740",
"Facilities": "Westmead Hospital",
"FacilityID": "D224",
"ABF": true,
"EDClass": "URG",
"EDLevel": 6,
"ICULevel": true,
"Peer": "A1",
"SpecialistPaed": false,
"IsNewFacility": false}, 
{
"LHD": "X730",
"Facilities": "Wollongong Hospital",
"FacilityID": "P208",
"ABF": true,
"EDClass": "URG",
"EDLevel": 6,
"ICULevel": true,
"Peer": "A1",
"SpecialistPaed": false,
"IsNewFacility": false}, 
{
"LHD": "X630",
"Facilities": "Sydney Children's Hospital",
"FacilityID": "C238",
"ABF": true,
"EDClass": "URG",
"EDLevel": 6,
"ICULevel": true,
"Peer": "A2",
"SpecialistPaed": true,
"IsNewFacility": false}, 
{
"LHD": "X630",
"Facilities": "The Children's Hospital at Westmead",
"FacilityID": "A207",
"ABF": true,
"EDClass": "URG",
"EDLevel": 6,
"ICULevel": true,
"Peer": "A2",
"SpecialistPaed": true,
"IsNewFacility": false}, 
{
"LHD": "X800",
"Facilities": "Newcastle Mater Misericordiae Hospital",
"FacilityID": "Q211",
"ABF": true,
"EDClass": "URG",
"EDLevel": 5,
"ICULevel": true,
"Peer": "A3",
"SpecialistPaed": false,
"IsNewFacility": false}, 
{
"LHD": "X720",
"Facilities": "Royal Hospital for Women",
"FacilityID": "C220",
"ABF": true,
"EDClass": false,
"EDLevel": false,
"ICULevel": true,
"Peer": "A3",
"SpecialistPaed": false,
"IsNewFacility": false}, 
{
"LHD": "X720",
"Facilities": "Sydney Hospital & Sydney Eye Hospital",
"FacilityID": "A233",
"ABF": true,
"EDClass": "UDG",
"EDLevel": "3A",
"ICULevel": false,
"Peer": "A3",
"SpecialistPaed": false,
"IsNewFacility": false}, 
{
"LHD": "X740",
"Facilities": "Auburn District Hospital",
"FacilityID": "D201",
"ABF": true,
"EDClass": "URG",
"EDLevel": 4,
"ICULevel": true,
"Peer": "B2",
"SpecialistPaed": false,
"IsNewFacility": false}, 
{
"LHD": "X740",
"Facilities": "Blacktown Hospital",
"FacilityID": "D203",
"ABF": true,
"EDClass": "URG",
"EDLevel": 5,
"ICULevel": true,
"Peer": "B1",
"SpecialistPaed": false,
"IsNewFacility": false}, 
{
"LHD": "X710",
"Facilities": "Campbelltown Hospital",
"FacilityID": "D215",
"ABF": true,
"EDClass": "URG",
"EDLevel": 4,
"ICULevel": true,
"Peer": "B1",
"SpecialistPaed": false,
"IsNewFacility": false}, 
{
"LHD": "X700",
"Facilities": "Canterbury District Hospital",
"FacilityID": "A202",
"ABF": true,
"EDClass": "URG",
"EDLevel": 4,
"ICULevel": true,
"Peer": "B2",
"SpecialistPaed": false,
"IsNewFacility": false}, 
{
"LHD": "X820",
"Facilities": "Coffs Harbour and District Hospital",
"FacilityID": "H208",
"ABF": true,
"EDClass": "URG",
"EDLevel": 5,
"ICULevel": true,
"Peer": "B1",
"SpecialistPaed": false,
"IsNewFacility": false}, 
{
"LHD": "X850",
"Facilities": "Dubbo Base Hospital",
"FacilityID": "K211",
"ABF": true,
"EDClass": "URG",
"EDLevel": 4,
"ICULevel": true,
"Peer": "B2",
"SpecialistPaed": false,
"IsNewFacility": false}, 
{
"LHD": "X710",
"Facilities": "Fairfield Hospital",
"FacilityID": "D206",
"ABF": true,
"EDClass": "URG",
"EDLevel": 4,
"ICULevel": true,
"Peer": "B2",
"SpecialistPaed": false,
"IsNewFacility": false}, 
{
"LHD": "X760",
"Facilities": "Hornsby & Ku-ring-gai Hospital",
"FacilityID": "B210",
"ABF": true,
"EDClass": "URG",
"EDLevel": 4,
"ICULevel": true,
"Peer": "B1",
"SpecialistPaed": false,
"IsNewFacility": false}, 
{
"LHD": "X810",
"Facilities": "Lismore Base Hospital",
"FacilityID": "H214",
"ABF": true,
"EDClass": "URG",
"EDLevel": 5,
"ICULevel": true,
"Peer": "B1",
"SpecialistPaed": false,
"IsNewFacility": false}, 
{
"LHD": "X800",
"Facilities": "Maitland Hospital",
"FacilityID": "Q206",
"ABF": true,
"EDClass": "URG",
"EDLevel": 4,
"ICULevel": true,
"Peer": "B2",
"SpecialistPaed": false,
"IsNewFacility": false}, 
{
"LHD": "X760",
"Facilities": "Manly District Hospital",
"FacilityID": "B212",
"ABF": true,
"EDClass": "URG",
"EDLevel": 4,
"ICULevel": true,
"Peer": "B2",
"SpecialistPaed": false,
"IsNewFacility": false}, 
{
"LHD": "X800",
"Facilities": "Manning River Base Hospital",
"FacilityID": "J225",
"ABF": true,
"EDClass": "URG",
"EDLevel": 4,
"ICULevel": true,
"Peer": "B2",
"SpecialistPaed": false,
"IsNewFacility": false}, 
{
"LHD": "X760",
"Facilities": "Mona Vale & District Hospital",
"FacilityID": "B214",
"ABF": true,
"EDClass": "URG",
"EDLevel": 4,
"ICULevel": true,
"Peer": "B2",
"SpecialistPaed": false,
"IsNewFacility": false}, 
{
"LHD": "X850",
"Facilities": "Orange Base Hospital",
"FacilityID": "L216",
"ABF": true,
"EDClass": "URG",
"EDLevel": 4,
"ICULevel": true,
"Peer": "B1",
"SpecialistPaed": false,
"IsNewFacility": false}, 
{
"LHD": "X820",
"Facilities": "Port Macquarie Base Hospital",
"FacilityID": "H272",
"ABF": true,
"EDClass": "URG",
"EDLevel": 5,
"ICULevel": true,
"Peer": "B1",
"SpecialistPaed": false,
"IsNewFacility": false}, 
{
"LHD": "X730",
"Facilities": "Shoalhaven and District Hospital",
"FacilityID": "P207",
"ABF": true,
"EDClass": "URG",
"EDLevel": 4,
"ICULevel": true,
"Peer": "B2",
"SpecialistPaed": false,
"IsNewFacility": false}, 
{
"LHD": "X720",
"Facilities": "Sutherland Hospital",
"FacilityID": "C214",
"ABF": true,
"EDClass": "URG",
"EDLevel": 5,
"ICULevel": true,
"Peer": "B1",
"SpecialistPaed": false,
"IsNewFacility": false}, 
{
"LHD": "X800",
"Facilities": "Tamworth Base Hospital",
"FacilityID": "J216",
"ABF": true,
"EDClass": "URG",
"EDLevel": 5,
"ICULevel": true,
"Peer": "B1",
"SpecialistPaed": false,
"IsNewFacility": false}, 
{
"LHD": "X810",
"Facilities": "Tweed Heads District Hospital",
"FacilityID": "H223",
"ABF": true,
"EDClass": "URG",
"EDLevel": 5,
"ICULevel": true,
"Peer": "B1",
"SpecialistPaed": false,
"IsNewFacility": false}, 
{
"LHD": "X840",
"Facilities": "Wagga Wagga Base Hospital",
"FacilityID": "R219",
"ABF": true,
"EDClass": "URG",
"EDLevel": 5,
"ICULevel": true,
"Peer": "B1",
"SpecialistPaed": false,
"IsNewFacility": false}, 
{
"LHD": "X770",
"Facilities": "Wyong Hospital",
"FacilityID": "B206",
"ABF": true,
"EDClass": "URG",
"EDLevel": "3B",
"ICULevel": true,
"Peer": "B2",
"SpecialistPaed": false,
"IsNewFacility": false}, 
{
"LHD": "X800",
"Facilities": "Armidale and New England Hospital",
"FacilityID": "J201",
"ABF": true,
"EDClass": "URG",
"EDLevel": 4,
"ICULevel": true,
"Peer": "C1",
"SpecialistPaed": false,
"IsNewFacility": false}, 
{
"LHD": "X850",
"Facilities": "Bathurst Base Hospital",
"FacilityID": "L201",
"ABF": true,
"EDClass": "URG",
"EDLevel": 4,
"ICULevel": true,
"Peer": "C1",
"SpecialistPaed": false,
"IsNewFacility": false}, 
{
"LHD": "X800",
"Facilities": "Belmont Hospital",
"FacilityID": "Q214",
"ABF": true,
"EDClass": "URG",
"EDLevel": "3B",
"ICULevel": false,
"Peer": "C1",
"SpecialistPaed": false,
"IsNewFacility": false}, 
{
"LHD": "X710",
"Facilities": "Bowral and District Hospital",
"FacilityID": "N219",
"ABF": true,
"EDClass": "URG",
"EDLevel": "3B",
"ICULevel": true,
"Peer": "C1",
"SpecialistPaed": false,
"IsNewFacility": false}, 
{
"LHD": "X860",
"Facilities": "Broken Hill Base Hospital",
"FacilityID": "S201",
"ABF": true,
"EDClass": "URG",
"EDLevel": "3B",
"ICULevel": true,
"Peer": "C1",
"SpecialistPaed": false,
"IsNewFacility": false}, 
{
"LHD": "X830",
"Facilities": "Goulburn Base Hospital",
"FacilityID": "N209",
"ABF": true,
"EDClass": "URG",
"EDLevel": 4,
"ICULevel": true,
"Peer": "C1",
"SpecialistPaed": false,
"IsNewFacility": false}, 
{
"LHD": "X810",
"Facilities": "Grafton Health Service - Grafton Base",
"FacilityID": "H210",
"ABF": true,
"EDClass": "URG",
"EDLevel": "3B",
"ICULevel": true,
"Peer": "C1",
"SpecialistPaed": false,
"IsNewFacility": false}, 
{
"LHD": "X840",
"Facilities": "Griffith Base Hospital",
"FacilityID": "R205",
"ABF": true,
"EDClass": "URG",
"EDLevel": 4,
"ICULevel": true,
"Peer": "C1",
"SpecialistPaed": false,
"IsNewFacility": false}, 
{
"LHD": "X750",
"Facilities": "Hawkesbury District Health Service",
"FacilityID": "D311",
"ABF": true,
"EDClass": "URG",
"EDLevel": 4,
"ICULevel": true,
"Peer": "C1",
"SpecialistPaed": false,
"IsNewFacility": false}, 
{
"LHD": "X740",
"Facilities": "Mount Druitt Hospital",
"FacilityID": "D218",
"ABF": true,
"EDClass": "URG",
"EDLevel": 4,
"ICULevel": true,
"Peer": "C1",
"SpecialistPaed": false,
"IsNewFacility": false}, 
{
"LHD": "X810",
"Facilities": "Murwillumbah District Hospital",
"FacilityID": "H221",
"ABF": true,
"EDClass": "URG",
"EDLevel": "3B",
"ICULevel": false,
"Peer": "C1",
"SpecialistPaed": false,
"IsNewFacility": false}, 
{
"LHD": "X760",
"Facilities": "Ryde Hospital",
"FacilityID": "B224",
"ABF": true,
"EDClass": "URG",
"EDLevel": "3B",
"ICULevel": true,
"Peer": "C1",
"SpecialistPaed": false,
"IsNewFacility": false}, 
{
"LHD": "X730",
"Facilities": "Shellharbour Hospital",
"FacilityID": "P211",
"ABF": true,
"EDClass": "URG",
"EDLevel": "3B",
"ICULevel": false,
"Peer": "C1",
"SpecialistPaed": false,
"IsNewFacility": false}, 
{
"LHD": "X830",
"Facilities": "South East Regional Hospital",
"FacilityID": "N202",
"ABF": true,
"EDClass": "URG",
"EDLevel": "3B",
"ICULevel": true,
"Peer": "C1",
"SpecialistPaed": false,
"IsNewFacility": false}, 
{
"LHD": "X810",
"Facilities": "Ballina District Hospital",
"FacilityID": "H201",
"ABF": true,
"EDClass": "URG",
"EDLevel": "3B",
"ICULevel": false,
"Peer": "C2",
"SpecialistPaed": false,
"IsNewFacility": false}, 
{
"LHD": "X830",
"Facilities": "Bateman's Bay District Hospital",
"FacilityID": "N201",
"ABF": true,
"EDClass": "UDG",
"EDLevel": 2,
"ICULevel": false,
"Peer": "C2",
"SpecialistPaed": false,
"IsNewFacility": false}, 
{
"LHD": "X750",
"Facilities": "Blue Mountains DHS - Katoomba Hospital",
"FacilityID": "D204",
"ABF": true,
"EDClass": "URG",
"EDLevel": "3B",
"ICULevel": false,
"Peer": "C2",
"SpecialistPaed": false,
"IsNewFacility": false}, 
{
"LHD": "X710",
"Facilities": "Camden Hospital",
"FacilityID": "D205",
"ABF": true,
"EDClass": "UDG",
"EDLevel": 2,
"ICULevel": false,
"Peer": "D1b",
"SpecialistPaed": false,
"IsNewFacility": false}, 
{
"LHD": "X810",
"Facilities": "Casino District Hospital",
"FacilityID": "H206",
"ABF": true,
"EDClass": "UDG",
"EDLevel": "3A",
"ICULevel": false,
"Peer": "C2",
"SpecialistPaed": false,
"IsNewFacility": false}, 
{
"LHD": "X800",
"Facilities": "Cessnock District Hospital",
"FacilityID": "Q202",
"ABF": true,
"EDClass": "URG",
"EDLevel": "3B",
"ICULevel": false,
"Peer": "C2",
"SpecialistPaed": false,
"IsNewFacility": false}, 
{
"LHD": "X830",
"Facilities": "Cooma District Hospital",
"FacilityID": "N206",
"ABF": true,
"EDClass": "UDG",
"EDLevel": "3A",
"ICULevel": false,
"Peer": "C2",
"SpecialistPaed": false,
"IsNewFacility": false}, 
{
"LHD": "X850",
"Facilities": "Cowra District Hospital",
"FacilityID": "L206",
"ABF": true,
"EDClass": "UDG",
"EDLevel": "3A",
"ICULevel": false,
"Peer": "C2",
"SpecialistPaed": false,
"IsNewFacility": false}, 
{
"LHD": "X840",
"Facilities": "Deniliquin Hospital",
"FacilityID": "M207",
"ABF": true,
"EDClass": "UDG",
"EDLevel": "3A",
"ICULevel": true,
"Peer": "C2",
"SpecialistPaed": false,
"IsNewFacility": false}, 
{
"LHD": "X850",
"Facilities": "Forbes District Hospital",
"FacilityID": "L209",
"ABF": true,
"EDClass": "UDG",
"EDLevel": "3A",
"ICULevel": false,
"Peer": "C2",
"SpecialistPaed": false,
"IsNewFacility": false}, 
{
"LHD": "X800",
"Facilities": "Inverell Dist Hospital",
"FacilityID": "J208",
"ABF": true,
"EDClass": "UDG",
"EDLevel": "3A",
"ICULevel": false,
"Peer": "C2",
"SpecialistPaed": false,
"IsNewFacility": false}, 
{
"LHD": "X820",
"Facilities": "Kempsey Hospital",
"FacilityID": "H212",
"ABF": true,
"EDClass": "URG",
"EDLevel": "3B",
"ICULevel": true,
"Peer": "C2",
"SpecialistPaed": false,
"IsNewFacility": false}, 
{
"LHD": "X800",
"Facilities": "Kurri Kurri District Hospital",
"FacilityID": "Q205",
"ABF": true,
"EDClass": "UDG",
"EDLevel": 1,
"ICULevel": true,
"Peer": "C2",
"SpecialistPaed": false,
"IsNewFacility": false}, 
{
"LHD": "X750",
"Facilities": "Lithgow District Hospital",
"FacilityID": "L213",
"ABF": true,
"EDClass": "URG",
"EDLevel": "3B",
"ICULevel": true,
"Peer": "C2",
"SpecialistPaed": false,
"IsNewFacility": false}, 
{
"LHD": "X820",
"Facilities": "Macksville and District Hospital",
"FacilityID": "H216",
"ABF": true,
"EDClass": "UDG",
"EDLevel": "3A",
"ICULevel": false,
"Peer": "C2",
"SpecialistPaed": false,
"IsNewFacility": false}, 
{
"LHD": "X810",
"Facilities": "Maclean District Hospital",
"FacilityID": "H217",
"ABF": true,
"EDClass": "UDG",
"EDLevel": "3A",
"ICULevel": false,
"Peer": "C2",
"SpecialistPaed": false,
"IsNewFacility": false}, 
{
"LHD": "X800",
"Facilities": "Moree District Hospital",
"FacilityID": "J212",
"ABF": true,
"EDClass": "UDG",
"EDLevel": "3A",
"ICULevel": false,
"Peer": "C2",
"SpecialistPaed": false,
"IsNewFacility": false}, 
{
"LHD": "X830",
"Facilities": "Moruya District Hospital",
"FacilityID": "N211",
"ABF": true,
"EDClass": "UDG",
"EDLevel": 2,
"ICULevel": false,
"Peer": "C2",
"SpecialistPaed": false,
"IsNewFacility": false}, 
{
"LHD": "X850",
"Facilities": "Mudgee District Hospital",
"FacilityID": "K216",
"ABF": true,
"EDClass": "UDG",
"EDLevel": "3A",
"ICULevel": true,
"Peer": "C2",
"SpecialistPaed": false,
"IsNewFacility": false}, 
{
"LHD": "X850",
"Facilities": "Parkes District Hospital",
"FacilityID": "L217",
"ABF": true,
"EDClass": "UDG",
"EDLevel": "3A",
"ICULevel": false,
"Peer": "D1a",
"SpecialistPaed": false,
"IsNewFacility": false}, 
{
"LHD": "X830",
"Facilities": "Queanbeyan District Hospital",
"FacilityID": "N215",
"ABF": true,
"EDClass": "URG",
"EDLevel": "3B",
"ICULevel": false,
"Peer": "C2",
"SpecialistPaed": false,
"IsNewFacility": false}, 
{
"LHD": "X800",
"Facilities": "Singleton District Hospital",
"FacilityID": "Q217",
"ABF": true,
"EDClass": "UDG",
"EDLevel": "3A",
"ICULevel": false,
"Peer": "C2",
"SpecialistPaed": false,
"IsNewFacility": false}, 
{
"LHD": "X750",
"Facilities": "Springwood Hospital",
"FacilityID": "D214",
"ABF": true,
"EDClass": false,
"EDLevel": false,
"ICULevel": false,
"Peer": "D1a",
"SpecialistPaed": false,
"IsNewFacility": false}, 
{
"LHD": "X770",
"Facilities": "Long Jetty Healthcare Centre",
"FacilityID": "B204",
"ABF": true,
"EDClass": false,
"EDLevel": false,
"ICULevel": false,
"Peer": "D1b",
"SpecialistPaed": false,
"IsNewFacility": false}, 
{
"LHD": "X770",
"Facilities": "Woy Woy Hospital",
"FacilityID": "B203",
"ABF": true,
"EDClass": false,
"EDLevel": false,
"ICULevel": false,
"Peer": "D1b",
"SpecialistPaed": false,
"IsNewFacility": false}, 
{
"LHD": "X740",
"Facilities": "Cumberland Hospital",
"FacilityID": "D102",
"ABF": true,
"EDClass": false,
"EDLevel": false,
"ICULevel": false,
"Peer": "F1",
"SpecialistPaed": false,
"IsNewFacility": false}, 
{
"LHD": "X800",
"Facilities": "Hunter New England Mater Mental Health Service",
"FacilityID": "Q102",
"ABF": true,
"EDClass": false,
"EDLevel": false,
"ICULevel": false,
"Peer": "F1",
"SpecialistPaed": false,
"IsNewFacility": false}, 
{
"LHD": "X760",
"Facilities": "Macquarie Hospital",
"FacilityID": "B101",
"ABF": true,
"EDClass": false,
"EDLevel": false,
"ICULevel": false,
"Peer": "F1",
"SpecialistPaed": false,
"IsNewFacility": false}, 
{
"LHD": "X700",
"Facilities": "Balmain Hospital",
"FacilityID": "A201",
"ABF": true,
"EDClass": "UDG",
"EDLevel": 2,
"ICULevel": false,
"Peer": "F4",
"SpecialistPaed": false,
"IsNewFacility": false}, 
{
"LHD": "X830",
"Facilities": "Bourke Street Health Service",
"FacilityID": "N216",
"ABF": true,
"EDClass": false,
"EDLevel": false,
"ICULevel": false,
"Peer": "F4",
"SpecialistPaed": false,
"IsNewFacility": false}, 
{
"LHD": "X710",
"Facilities": "Braeside",
"FacilityID": "D228",
"ABF": true,
"EDClass": false,
"EDLevel": false,
"ICULevel": false,
"Peer": "F4",
"SpecialistPaed": false,
"IsNewFacility": false}, 
{
"LHD": "X720",
"Facilities": "Calvary(Kogarah)",
"FacilityID": "C202",
"ABF": true,
"EDClass": false,
"EDLevel": false,
"ICULevel": false,
"Peer": "F4",
"SpecialistPaed": false,
"IsNewFacility": false}, 
{
"LHD": "X730",
"Facilities": "Coledale Hospital",
"FacilityID": "P203",
"ABF": true,
"EDClass": false,
"EDLevel": false,
"ICULevel": false,
"Peer": "F4",
"SpecialistPaed": false,
"IsNewFacility": false}, 
{
"LHD": "X730",
"Facilities": "David Berry Hospital",
"FacilityID": "P291",
"ABF": true,
"EDClass": false,
"EDLevel": false,
"ICULevel": false,
"Peer": "F4",
"SpecialistPaed": false,
"IsNewFacility": false}, 
{
"LHD": "X760",
"Facilities": "Greenwich Hospital",
"FacilityID": "B208",
"ABF": true,
"EDClass": false,
"EDLevel": false,
"ICULevel": false,
"Peer": "F4",
"SpecialistPaed": false,
"IsNewFacility": false}, 
{
"LHD": "X850",
"Facilities": "Lourdes Dubbo",
"FacilityID": "K751",
"ABF": true,
"EDClass": false,
"EDLevel": false,
"ICULevel": false,
"Peer": "F4",
"SpecialistPaed": false,
"IsNewFacility": false}, 
{
"LHD": "X840",
"Facilities": "Mercy Care Centre, Young",
"FacilityID": "N210",
"ABF": true,
"EDClass": false,
"EDLevel": false,
"ICULevel": false,
"Peer": "F4",
"SpecialistPaed": false,
"IsNewFacility": false}, 
{
"LHD": "X840",
"Facilities": "MERCY CARE CENTRE, ALBURY",
"FacilityID": "M212",
"ABF": true,
"EDClass": false,
"EDLevel": false,
"ICULevel": false,
"Peer": "F4",
"SpecialistPaed": false,
"IsNewFacility": false}, 
{
"LHD": "X730",
"Facilities": "Port Kembla District Hospital",
"FacilityID": "P206",
"ABF": true,
"EDClass": false,
"EDLevel": false,
"ICULevel": false,
"Peer": "F4",
"SpecialistPaed": false,
"IsNewFacility": false}, 
{
"LHD": "X690",
"Facilities": "Sacred Heart Hospice",
"FacilityID": "A209",
"ABF": true,
"EDClass": false,
"EDLevel": false,
"ICULevel": false,
"Peer": "F4",
"SpecialistPaed": false,
"IsNewFacility": false}, 
{
"LHD": "X690",
"Facilities": "St Joseph's Hospital, Auburn",
"FacilityID": "D213",
"ABF": true,
"EDClass": false,
"EDLevel": false,
"ICULevel": false,
"Peer": "F4",
"SpecialistPaed": false,
"IsNewFacility": false}, 
{
"LHD": "X760",
"Facilities": "Neringah Hospital",
"FacilityID": "B209",
"ABF": true,
"EDClass": false,
"EDLevel": false,
"ICULevel": false,
"Peer": "F5",
"SpecialistPaed": false,
"IsNewFacility": false}, 
{
"LHD": "X760",
"Facilities": "Royal Rehabilitation Hospital - Coorabel/Moorong",
"FacilityID": "B221",
"ABF": true,
"EDClass": false,
"EDLevel": false,
"ICULevel": false,
"Peer": "F6",
"SpecialistPaed": false,
"IsNewFacility": false}, 
{
"LHD": "X720",
"Facilities": "War Memorial Hospital, Waverley",
"FacilityID": "C206",
"ABF": true,
"EDClass": false,
"EDLevel": false,
"ICULevel": false,
"Peer": "F6",
"SpecialistPaed": false,
"IsNewFacility": false}, 
{
"LHD": "N/A",
"Facilities": "Stand-alone Services Facility",
"FacilityID": "SASF",
"ABF": true,
"EDClass": false,
"EDLevel": false,
"ICULevel": false,
"Peer": "N/A",
"SpecialistPaed": false,
"IsNewFacility": false}, 
{
"LHD": "X921",
"Facilities": "Albury Base Hospital",
"FacilityID": "M201",
"ABF": true,
"EDClass": "URG",
"EDLevel": 4,
"ICULevel": true,
"Peer": "B2",
"SpecialistPaed": false,
"IsNewFacility": true}
]}
