{ "LosUngroupedState":[ 
{
"nv": "2016",
"cn": "Maintenance",
"psych": "MH",
"group": "Sameday",
"n": 20,
"pc": 0.05,
"ALOS": 18}, 
{
"nv": "2016",
"cn": "Maintenance",
"psych": "MH",
"group": "Overnight",
"n": 365,
"pc": 0.95,
"ALOS": 18}, 
{
"nv": "2016",
"cn": "Psychogeriatric",
"psych": "MH",
"group": "Sameday",
"n": "< 5",
"pc": 0.11,
"ALOS": 22}, 
{
"nv": "2016",
"cn": "Psychogeriatric",
"psych": "MH",
"group": "Overnight",
"n": 16,
"pc": 0.89,
"ALOS": 22}, 
{
"nv": "2016",
"cn": "Rehabilitation",
"psych": "MH",
"group": "Sameday",
"n": 8,
"pc": 0.01,
"ALOS": 41}, 
{
"nv": "2016",
"cn": "Rehabilitation",
"psych": "MH",
"group": "Overnight",
"n": 1172,
"pc": 0.99,
"ALOS": 41}, 
{
"nv": "2016",
"cn": "Paediatric Palliative Care",
"psych": "NMH",
"group": "Sameday",
"n": 5,
"pc": 0.02,
"ALOS": 6}, 
{
"nv": "2016",
"cn": "Paediatric Palliative Care",
"psych": "NMH",
"group": "Overnight",
"n": 315,
"pc": 0.98,
"ALOS": 6}, 
{
"nv": "2016",
"cn": "Paediatric Rehabilitation",
"psych": "NMH",
"group": "Sameday",
"n": 53,
"pc": 0.4,
"ALOS": 19}, 
{
"nv": "2016",
"cn": "Paediatric Rehabilitation",
"psych": "NMH",
"group": "Overnight",
"n": 79,
"pc": 0.6,
"ALOS": 19}, 
{
"nv": "2016",
"cn": "Paediatric Maintenance",
"psych": "NMH",
"group": "Sameday",
"n": "< 5",
"pc": 0.08,
"ALOS": 18}, 
{
"nv": "2016",
"cn": "Paediatric Maintenance",
"psych": "NMH",
"group": "Overnight",
"n": 11,
"pc": 0.92,
"ALOS": 18}
]}
