{ "NAP":[ 
{
"Tier2Clinic": "10.01",
"Description": "Hyperbaric medicine",
"PriceWeights": 0.1614,
"MonthlyRollup": false,
"State_Weight": false}, 
{
"Tier2Clinic": "10.02",
"Description": "Interventional imaging",
"PriceWeights": 0.3694,
"MonthlyRollup": false,
"State_Weight": false}, 
{
"Tier2Clinic": "10.03",
"Description": "Minor surgical",
"PriceWeights": 0.0478,
"MonthlyRollup": false,
"State_Weight": false}, 
{
"Tier2Clinic": "10.04",
"Description": "Dental",
"PriceWeights": 0.0488,
"MonthlyRollup": false,
"State_Weight": false}, 
{
"Tier2Clinic": "10.05",
"Description": "Angioplasty/angiography",
"PriceWeights": 0.245,
"MonthlyRollup": false,
"State_Weight": false}, 
{
"Tier2Clinic": "10.06",
"Description": "Endoscopy - gastrointestinal",
"PriceWeights": 0.3332,
"MonthlyRollup": false,
"State_Weight": false}, 
{
"Tier2Clinic": "10.07",
"Description": "Endoscopy - urological/gynaecological",
"PriceWeights": 0.0369,
"MonthlyRollup": false,
"State_Weight": false}, 
{
"Tier2Clinic": "10.08",
"Description": "Endoscopy - orthopaedic",
"PriceWeights": 0.0534,
"MonthlyRollup": false,
"State_Weight": false}, 
{
"Tier2Clinic": "10.09",
"Description": "Endoscopy - respiratory/ear, nose and throat (ENT)",
"PriceWeights": 0.0506,
"MonthlyRollup": false,
"State_Weight": false}, 
{
"Tier2Clinic": "10.10",
"Description": "Renal dialysis - hospital delivered",
"PriceWeights": 0.0627,
"MonthlyRollup": false,
"State_Weight": false}, 
{
"Tier2Clinic": "10.11",
"Description": "Chemotherapy treatment",
"PriceWeights": 0.0459,
"MonthlyRollup": false,
"State_Weight": false}, 
{
"Tier2Clinic": "10.12",
"Description": "Radiation therapy - treatment",
"PriceWeights": 0.055,
"MonthlyRollup": false,
"State_Weight": false}, 
{
"Tier2Clinic": "10.13",
"Description": "Minor medical procedures",
"PriceWeights": 0.108,
"MonthlyRollup": false,
"State_Weight": false}, 
{
"Tier2Clinic": "10.14",
"Description": "Pain management interventions",
"PriceWeights": 0.0733,
"MonthlyRollup": false,
"State_Weight": false}, 
{
"Tier2Clinic": "10.15",
"Description": "Renal dialysis - haemodialysis - home delivered",
"PriceWeights": 1.1241,
"MonthlyRollup": true,
"State_Weight": false}, 
{
"Tier2Clinic": "10.16",
"Description": "Renal dialysis - peritoneal dialysis - home delivered",
"PriceWeights": 1.156,
"MonthlyRollup": true,
"State_Weight": false}, 
{
"Tier2Clinic": "10.17",
"Description": "Total parenteral nutrition - home delivered",
"PriceWeights": 2.8869,
"MonthlyRollup": true,
"State_Weight": false}, 
{
"Tier2Clinic": "10.18",
"Description": "Enteral nutrition - home delivered",
"PriceWeights": 0.2082,
"MonthlyRollup": true,
"State_Weight": false}, 
{
"Tier2Clinic": "10.19",
"Description": "Ventilation - home delivered",
"PriceWeights": 4.5037,
"MonthlyRollup": true,
"State_Weight": false}, 
{
"Tier2Clinic": "10.20",
"Description": "Radiation therapy - simulation and planning",
"PriceWeights": 0.1831,
"MonthlyRollup": false,
"State_Weight": false}, 
{
"Tier2Clinic": "20.01",
"Description": "Transplants",
"PriceWeights": 0.0981,
"MonthlyRollup": false,
"State_Weight": false}, 
{
"Tier2Clinic": "20.02",
"Description": "Anaesthetics",
"PriceWeights": 0.0416,
"MonthlyRollup": false,
"State_Weight": false}, 
{
"Tier2Clinic": "20.03",
"Description": "Pain management",
"PriceWeights": 0.0697,
"MonthlyRollup": false,
"State_Weight": false}, 
{
"Tier2Clinic": "20.04",
"Description": "Developmental disabilities",
"PriceWeights": 0.0665,
"MonthlyRollup": false,
"State_Weight": false}, 
{
"Tier2Clinic": "20.05",
"Description": "General medicine",
"PriceWeights": 0.0356,
"MonthlyRollup": false,
"State_Weight": false}, 
{
"Tier2Clinic": "20.06",
"Description": "General practice and primary care",
"PriceWeights": 0.0308,
"MonthlyRollup": false,
"State_Weight": true}, 
{
"Tier2Clinic": "20.07",
"Description": "General surgery",
"PriceWeights": 0.0528,
"MonthlyRollup": false,
"State_Weight": false}, 
{
"Tier2Clinic": "20.08",
"Description": "Genetics",
"PriceWeights": 0.1628,
"MonthlyRollup": false,
"State_Weight": false}, 
{
"Tier2Clinic": "20.09",
"Description": "Geriatric medicine",
"PriceWeights": 0.0525,
"MonthlyRollup": false,
"State_Weight": false}, 
{
"Tier2Clinic": "20.10",
"Description": "Haematology",
"PriceWeights": 0.0551,
"MonthlyRollup": false,
"State_Weight": false}, 
{
"Tier2Clinic": "20.11",
"Description": "Paediatric medicine",
"PriceWeights": 0.0447,
"MonthlyRollup": false,
"State_Weight": false}, 
{
"Tier2Clinic": "20.12",
"Description": "Paediatric surgery",
"PriceWeights": 0.0516,
"MonthlyRollup": false,
"State_Weight": false}, 
{
"Tier2Clinic": "20.13",
"Description": "Palliative care",
"PriceWeights": 0.0653,
"MonthlyRollup": false,
"State_Weight": false}, 
{
"Tier2Clinic": "20.14",
"Description": "Epilepsy",
"PriceWeights": 0.043,
"MonthlyRollup": false,
"State_Weight": false}, 
{
"Tier2Clinic": "20.15",
"Description": "Neurology",
"PriceWeights": 0.0646,
"MonthlyRollup": false,
"State_Weight": false}, 
{
"Tier2Clinic": "20.16",
"Description": "Neurosurgery",
"PriceWeights": 0.0554,
"MonthlyRollup": false,
"State_Weight": false}, 
{
"Tier2Clinic": "20.17",
"Description": "Ophthalmology",
"PriceWeights": 0.0501,
"MonthlyRollup": false,
"State_Weight": false}, 
{
"Tier2Clinic": "20.18",
"Description": "Ear, nose and throat (ENT)",
"PriceWeights": 0.04,
"MonthlyRollup": false,
"State_Weight": false}, 
{
"Tier2Clinic": "20.19",
"Description": "Respiratory",
"PriceWeights": 0.0596,
"MonthlyRollup": false,
"State_Weight": false}, 
{
"Tier2Clinic": "20.20",
"Description": "Respiratory - cystic fibrosis",
"PriceWeights": 0.1749,
"MonthlyRollup": false,
"State_Weight": false}, 
{
"Tier2Clinic": "20.21",
"Description": "Anti-coagulant Screening and Management",
"PriceWeights": 0.0651,
"MonthlyRollup": false,
"State_Weight": false}, 
{
"Tier2Clinic": "20.22",
"Description": "Cardiology",
"PriceWeights": 0.0515,
"MonthlyRollup": false,
"State_Weight": false}, 
{
"Tier2Clinic": "20.23",
"Description": "Cardiothoracic",
"PriceWeights": 0.0806,
"MonthlyRollup": false,
"State_Weight": false}, 
{
"Tier2Clinic": "20.24",
"Description": "Vascular surgery",
"PriceWeights": 0.0853,
"MonthlyRollup": false,
"State_Weight": false}, 
{
"Tier2Clinic": "20.25",
"Description": "Gastroenterology",
"PriceWeights": 0.0614,
"MonthlyRollup": false,
"State_Weight": false}, 
{
"Tier2Clinic": "20.26",
"Description": "Hepatobiliary",
"PriceWeights": 0.0949,
"MonthlyRollup": false,
"State_Weight": false}, 
{
"Tier2Clinic": "20.27",
"Description": "Craniofacial",
"PriceWeights": 0.0389,
"MonthlyRollup": false,
"State_Weight": false}, 
{
"Tier2Clinic": "20.28",
"Description": "Metabolic bone",
"PriceWeights": 0.0958,
"MonthlyRollup": false,
"State_Weight": false}, 
{
"Tier2Clinic": "20.29",
"Description": "Orthopaedics",
"PriceWeights": 0.0457,
"MonthlyRollup": false,
"State_Weight": false}, 
{
"Tier2Clinic": "20.30",
"Description": "Rheumatology",
"PriceWeights": 0.0438,
"MonthlyRollup": false,
"State_Weight": false}, 
{
"Tier2Clinic": "20.31",
"Description": "Spinal",
"PriceWeights": 0.0882,
"MonthlyRollup": false,
"State_Weight": false}, 
{
"Tier2Clinic": "20.32",
"Description": "Breast",
"PriceWeights": 0.0722,
"MonthlyRollup": false,
"State_Weight": false}, 
{
"Tier2Clinic": "20.33",
"Description": "Dermatology",
"PriceWeights": 0.0448,
"MonthlyRollup": false,
"State_Weight": false}, 
{
"Tier2Clinic": "20.34",
"Description": "Endocrinology",
"PriceWeights": 0.0521,
"MonthlyRollup": false,
"State_Weight": false}, 
{
"Tier2Clinic": "20.35",
"Description": "Nephrology",
"PriceWeights": 0.0876,
"MonthlyRollup": false,
"State_Weight": false}, 
{
"Tier2Clinic": "20.36",
"Description": "Urology",
"PriceWeights": 0.0422,
"MonthlyRollup": false,
"State_Weight": false}, 
{
"Tier2Clinic": "20.37",
"Description": "Assisted reproductive technology",
"PriceWeights": 0.0674,
"MonthlyRollup": false,
"State_Weight": false}, 
{
"Tier2Clinic": "20.38",
"Description": "Gynaecology",
"PriceWeights": 0.0414,
"MonthlyRollup": false,
"State_Weight": false}, 
{
"Tier2Clinic": "20.39",
"Description": "Gynaecological oncology",
"PriceWeights": 0.07,
"MonthlyRollup": false,
"State_Weight": false}, 
{
"Tier2Clinic": "20.40",
"Description": "Obstetrics - management of pregnancy without complications",
"PriceWeights": 0.0484,
"MonthlyRollup": false,
"State_Weight": false}, 
{
"Tier2Clinic": "20.41",
"Description": "Immunology",
"PriceWeights": 0.0648,
"MonthlyRollup": false,
"State_Weight": false}, 
{
"Tier2Clinic": "20.42",
"Description": "Medical oncology - consultation",
"PriceWeights": 0.1044,
"MonthlyRollup": false,
"State_Weight": false}, 
{
"Tier2Clinic": "20.43",
"Description": "Radiation therapy - consultation",
"PriceWeights": 0.0321,
"MonthlyRollup": false,
"State_Weight": false}, 
{
"Tier2Clinic": "20.44",
"Description": "Infectious diseases",
"PriceWeights": 0.0478,
"MonthlyRollup": false,
"State_Weight": false}, 
{
"Tier2Clinic": "20.45",
"Description": "Psychiatry",
"PriceWeights": 0.044,
"MonthlyRollup": false,
"State_Weight": false}, 
{
"Tier2Clinic": "20.46",
"Description": "Plastic and reconstructive surgery",
"PriceWeights": 0.0461,
"MonthlyRollup": false,
"State_Weight": false}, 
{
"Tier2Clinic": "20.47",
"Description": "Rehabilitation",
"PriceWeights": 0.0504,
"MonthlyRollup": false,
"State_Weight": false}, 
{
"Tier2Clinic": "20.48",
"Description": "Multidisciplinary burns clinic",
"PriceWeights": 0.0721,
"MonthlyRollup": false,
"State_Weight": false}, 
{
"Tier2Clinic": "20.49",
"Description": "Geriatric evaluation and management (GEM)",
"PriceWeights": 0.0644,
"MonthlyRollup": false,
"State_Weight": false}, 
{
"Tier2Clinic": "20.50",
"Description": "Psychogeriatric",
"PriceWeights": 0.0754,
"MonthlyRollup": false,
"State_Weight": false}, 
{
"Tier2Clinic": "20.51",
"Description": "Sleep disorders",
"PriceWeights": 0.0365,
"MonthlyRollup": false,
"State_Weight": false}, 
{
"Tier2Clinic": "20.52",
"Description": "Addiction medicine",
"PriceWeights": 0.0356,
"MonthlyRollup": false,
"State_Weight": false}, 
{
"Tier2Clinic": "20.53",
"Description": "Obstetrics - management of complex pregnancy",
"PriceWeights": 0.0803,
"MonthlyRollup": false,
"State_Weight": false}, 
{
"Tier2Clinic": "20.54",
"Description": "Maternal fetal medicine",
"PriceWeights": 0.0803,
"MonthlyRollup": false,
"State_Weight": false}, 
{
"Tier2Clinic": "20.55",
"Description": "Telehealth - patient location",
"PriceWeights": 0.022,
"MonthlyRollup": false,
"State_Weight": false}, 
{
"Tier2Clinic": "30.01",
"Description": "General imaging",
"PriceWeights": 0,
"MonthlyRollup": false,
"State_Weight": false}, 
{
"Tier2Clinic": "30.02",
"Description": "Magnetic resonance imaging (MRI)",
"PriceWeights": 0,
"MonthlyRollup": false,
"State_Weight": false}, 
{
"Tier2Clinic": "30.03",
"Description": "Computerised tomography (CT)",
"PriceWeights": 0,
"MonthlyRollup": false,
"State_Weight": false}, 
{
"Tier2Clinic": "30.04",
"Description": "Nuclear medicine",
"PriceWeights": 0,
"MonthlyRollup": false,
"State_Weight": false}, 
{
"Tier2Clinic": "30.05",
"Description": "Pathology (microbiology, haematology, biochemistry)",
"PriceWeights": 0,
"MonthlyRollup": false,
"State_Weight": false}, 
{
"Tier2Clinic": "30.06",
"Description": "Positron emission tomography (PET)",
"PriceWeights": 0,
"MonthlyRollup": false,
"State_Weight": false}, 
{
"Tier2Clinic": "30.07",
"Description": "Mammography screening",
"PriceWeights": 0,
"MonthlyRollup": false,
"State_Weight": false}, 
{
"Tier2Clinic": "30.08",
"Description": "Clinical measurement",
"PriceWeights": 0,
"MonthlyRollup": false,
"State_Weight": false}, 
{
"Tier2Clinic": "40.02",
"Description": "Aged care assessment",
"PriceWeights": 0.0695,
"MonthlyRollup": false,
"State_Weight": true}, 
{
"Tier2Clinic": "40.03",
"Description": "Aids and appliances",
"PriceWeights": 0.0484,
"MonthlyRollup": false,
"State_Weight": false}, 
{
"Tier2Clinic": "40.04",
"Description": "Clinical pharmacy",
"PriceWeights": 0.1497,
"MonthlyRollup": false,
"State_Weight": false}, 
{
"Tier2Clinic": "40.05",
"Description": "Hydrotherapy",
"PriceWeights": 0.0417,
"MonthlyRollup": false,
"State_Weight": false}, 
{
"Tier2Clinic": "40.06",
"Description": "Occupational therapy",
"PriceWeights": 0.0356,
"MonthlyRollup": false,
"State_Weight": false}, 
{
"Tier2Clinic": "40.07",
"Description": "Pre-admission and pre-anaesthesia",
"PriceWeights": 0.0863,
"MonthlyRollup": false,
"State_Weight": false}, 
{
"Tier2Clinic": "40.08",
"Description": "Primary health care",
"PriceWeights": 0.0377,
"MonthlyRollup": false,
"State_Weight": true}, 
{
"Tier2Clinic": "40.09",
"Description": "Physiotherapy",
"PriceWeights": 0.0325,
"MonthlyRollup": false,
"State_Weight": false}, 
{
"Tier2Clinic": "40.10",
"Description": "Sexual health",
"PriceWeights": 0.0341,
"MonthlyRollup": false,
"State_Weight": false}, 
{
"Tier2Clinic": "40.11",
"Description": "Social work",
"PriceWeights": 0.0434,
"MonthlyRollup": false,
"State_Weight": false}, 
{
"Tier2Clinic": "40.12",
"Description": "Rehabilitation",
"PriceWeights": 0.0404,
"MonthlyRollup": false,
"State_Weight": false}, 
{
"Tier2Clinic": "40.13",
"Description": "Wound management",
"PriceWeights": 0.0463,
"MonthlyRollup": false,
"State_Weight": false}, 
{
"Tier2Clinic": "40.14",
"Description": "Neuropsychology",
"PriceWeights": 0.108,
"MonthlyRollup": false,
"State_Weight": false}, 
{
"Tier2Clinic": "40.15",
"Description": "Optometry",
"PriceWeights": 0.0095,
"MonthlyRollup": false,
"State_Weight": false}, 
{
"Tier2Clinic": "40.16",
"Description": "Orthoptics",
"PriceWeights": 0.0194,
"MonthlyRollup": false,
"State_Weight": false}, 
{
"Tier2Clinic": "40.17",
"Description": "Audiology",
"PriceWeights": 0.0418,
"MonthlyRollup": false,
"State_Weight": false}, 
{
"Tier2Clinic": "40.18",
"Description": "Speech pathology",
"PriceWeights": 0.0429,
"MonthlyRollup": false,
"State_Weight": false}, 
{
"Tier2Clinic": "40.21",
"Description": "Cardiac rehabilitation",
"PriceWeights": 0.0678,
"MonthlyRollup": false,
"State_Weight": false}, 
{
"Tier2Clinic": "40.22",
"Description": "Stomal therapy",
"PriceWeights": 0.0757,
"MonthlyRollup": false,
"State_Weight": false}, 
{
"Tier2Clinic": "40.23",
"Description": "Nutrition/dietetics",
"PriceWeights": 0.0429,
"MonthlyRollup": false,
"State_Weight": false}, 
{
"Tier2Clinic": "40.24",
"Description": "Orthotics",
"PriceWeights": 0.0383,
"MonthlyRollup": false,
"State_Weight": false}, 
{
"Tier2Clinic": "40.25",
"Description": "Podiatry",
"PriceWeights": 0.0419,
"MonthlyRollup": false,
"State_Weight": false}, 
{
"Tier2Clinic": "40.27",
"Description": "Family planning",
"PriceWeights": 0,
"MonthlyRollup": false,
"State_Weight": true}, 
{
"Tier2Clinic": "40.28",
"Description": "Midwifery and maternity",
"PriceWeights": 0.041,
"MonthlyRollup": false,
"State_Weight": false}, 
{
"Tier2Clinic": "40.29",
"Description": "Psychology",
"PriceWeights": 0.0268,
"MonthlyRollup": false,
"State_Weight": false}, 
{
"Tier2Clinic": "40.30",
"Description": "Alcohol and other drugs",
"PriceWeights": 0.0305,
"MonthlyRollup": false,
"State_Weight": false}, 
{
"Tier2Clinic": "40.31",
"Description": "Burns",
"PriceWeights": 0.0315,
"MonthlyRollup": false,
"State_Weight": false}, 
{
"Tier2Clinic": "40.32",
"Description": "Continence",
"PriceWeights": 0.0257,
"MonthlyRollup": false,
"State_Weight": false}, 
{
"Tier2Clinic": "40.33",
"Description": "General counselling",
"PriceWeights": 0.0813,
"MonthlyRollup": false,
"State_Weight": true}, 
{
"Tier2Clinic": "40.34",
"Description": "Specialist mental health",
"PriceWeights": 0,
"MonthlyRollup": false,
"State_Weight": false}, 
{
"Tier2Clinic": "40.35",
"Description": "Palliative care",
"PriceWeights": 0.0596,
"MonthlyRollup": false,
"State_Weight": false}, 
{
"Tier2Clinic": "40.36",
"Description": "Geriatric evaluation and management (GEM)",
"PriceWeights": 0.0556,
"MonthlyRollup": false,
"State_Weight": false}, 
{
"Tier2Clinic": "40.37",
"Description": "Psychogeriatric",
"PriceWeights": 0.0201,
"MonthlyRollup": false,
"State_Weight": false}, 
{
"Tier2Clinic": "40.38",
"Description": "Infectious diseases",
"PriceWeights": 0.0838,
"MonthlyRollup": false,
"State_Weight": false}, 
{
"Tier2Clinic": "40.39",
"Description": "Neurology",
"PriceWeights": 0.04,
"MonthlyRollup": false,
"State_Weight": false}, 
{
"Tier2Clinic": "40.40",
"Description": "Respiratory",
"PriceWeights": 0.028,
"MonthlyRollup": false,
"State_Weight": false}, 
{
"Tier2Clinic": "40.41",
"Description": "Gastroenterology",
"PriceWeights": 0.0481,
"MonthlyRollup": false,
"State_Weight": false}, 
{
"Tier2Clinic": "40.42",
"Description": "Circulatory",
"PriceWeights": 0.068,
"MonthlyRollup": false,
"State_Weight": false}, 
{
"Tier2Clinic": "40.43",
"Description": "Hepatobiliary",
"PriceWeights": 0.0631,
"MonthlyRollup": false,
"State_Weight": false}, 
{
"Tier2Clinic": "40.44",
"Description": "Orthopaedics",
"PriceWeights": 0.0464,
"MonthlyRollup": false,
"State_Weight": false}, 
{
"Tier2Clinic": "40.45",
"Description": "Dermatology",
"PriceWeights": 0.0474,
"MonthlyRollup": false,
"State_Weight": false}, 
{
"Tier2Clinic": "40.46",
"Description": "Endocrinology",
"PriceWeights": 0.0411,
"MonthlyRollup": false,
"State_Weight": false}, 
{
"Tier2Clinic": "40.47",
"Description": "Nephrology",
"PriceWeights": 0.0453,
"MonthlyRollup": false,
"State_Weight": false}, 
{
"Tier2Clinic": "40.48",
"Description": "Haematology and immunology",
"PriceWeights": 0.0421,
"MonthlyRollup": false,
"State_Weight": false}, 
{
"Tier2Clinic": "40.49",
"Description": "Gynaecology",
"PriceWeights": 0.0552,
"MonthlyRollup": false,
"State_Weight": false}, 
{
"Tier2Clinic": "40.50",
"Description": "Urology",
"PriceWeights": 0.0464,
"MonthlyRollup": false,
"State_Weight": false}, 
{
"Tier2Clinic": "40.51",
"Description": "Breast",
"PriceWeights": 0.0635,
"MonthlyRollup": false,
"State_Weight": false}, 
{
"Tier2Clinic": "40.52",
"Description": "Oncology",
"PriceWeights": 0.0302,
"MonthlyRollup": false,
"State_Weight": false}, 
{
"Tier2Clinic": "40.53",
"Description": "General medicine",
"PriceWeights": 0.0456,
"MonthlyRollup": false,
"State_Weight": false}, 
{
"Tier2Clinic": "40.54",
"Description": "General surgery",
"PriceWeights": 0.0395,
"MonthlyRollup": false,
"State_Weight": false}, 
{
"Tier2Clinic": "40.55",
"Description": "Paediatrics",
"PriceWeights": 0.0446,
"MonthlyRollup": false,
"State_Weight": false}, 
{
"Tier2Clinic": "40.56",
"Description": "Falls prevention",
"PriceWeights": 0.0147,
"MonthlyRollup": false,
"State_Weight": false}, 
{
"Tier2Clinic": "40.57",
"Description": "Cognition and memory",
"PriceWeights": 0.0396,
"MonthlyRollup": false,
"State_Weight": false}, 
{
"Tier2Clinic": "40.58",
"Description": "Hospital avoidance programs",
"PriceWeights": 0.0476,
"MonthlyRollup": false,
"State_Weight": false}, 
{
"Tier2Clinic": "40.59",
"Description": "Post-acute care",
"PriceWeights": 0.0639,
"MonthlyRollup": false,
"State_Weight": false}, 
{
"Tier2Clinic": "40.60",
"Description": "Pulmonary rehabilitation",
"PriceWeights": 0.0678,
"MonthlyRollup": false,
"State_Weight": false}, 
{
"Tier2Clinic": "40.61",
"Description": "Telehealth - patient location",
"PriceWeights": 0.0104,
"MonthlyRollup": false,
"State_Weight": false}
]}
