{ "NAP":[ 
{
"Tier2Clinic": "10.01",
"Description": "Hyperbaric medicine",
"PriceWeights": 0.1291,
"MonthlyRollup": false,
"State_Weight": false}, 
{
"Tier2Clinic": "10.02",
"Description": "Interventional imaging",
"PriceWeights": 0.3843,
"MonthlyRollup": false,
"State_Weight": false}, 
{
"Tier2Clinic": "10.03",
"Description": "Minor surgical",
"PriceWeights": 0.0425,
"MonthlyRollup": false,
"State_Weight": false}, 
{
"Tier2Clinic": "10.04",
"Description": "Dental",
"PriceWeights": 0.0553,
"MonthlyRollup": false,
"State_Weight": false}, 
{
"Tier2Clinic": "10.05",
"Description": "Angioplasty/angiography",
"PriceWeights": 0.2648,
"MonthlyRollup": false,
"State_Weight": false}, 
{
"Tier2Clinic": "10.06",
"Description": "Endoscopy - gastrointestinal",
"PriceWeights": 0.3633,
"MonthlyRollup": false,
"State_Weight": false}, 
{
"Tier2Clinic": "10.07",
"Description": "Endoscopy - urological/gynaecological",
"PriceWeights": 0.0443,
"MonthlyRollup": false,
"State_Weight": false}, 
{
"Tier2Clinic": "10.08",
"Description": "Endoscopy - orthopaedic",
"PriceWeights": 0.0427,
"MonthlyRollup": false,
"State_Weight": false}, 
{
"Tier2Clinic": "10.09",
"Description": "Endoscopy - respiratory/ear, nose and throat (ENT)",
"PriceWeights": 0.045,
"MonthlyRollup": false,
"State_Weight": false}, 
{
"Tier2Clinic": "10.10",
"Description": "Renal dialysis - hospital delivered",
"PriceWeights": 0.0558,
"MonthlyRollup": false,
"State_Weight": false}, 
{
"Tier2Clinic": "10.11",
"Description": "Chemotherapy treatment",
"PriceWeights": 0.0408,
"MonthlyRollup": false,
"State_Weight": false}, 
{
"Tier2Clinic": "10.12",
"Description": "Radiation therapy - treatment",
"PriceWeights": 0.066,
"MonthlyRollup": false,
"State_Weight": false}, 
{
"Tier2Clinic": "10.13",
"Description": "Minor medical procedures",
"PriceWeights": 0.0961,
"MonthlyRollup": false,
"State_Weight": false}, 
{
"Tier2Clinic": "10.14",
"Description": "Pain management interventions",
"PriceWeights": 0.0705,
"MonthlyRollup": false,
"State_Weight": false}, 
{
"Tier2Clinic": "10.15",
"Description": "Renal dialysis - haemodialysis - home delivered",
"PriceWeights": 1.0003,
"MonthlyRollup": true,
"State_Weight": false}, 
{
"Tier2Clinic": "10.16",
"Description": "Renal dialysis - peritoneal dialysis - home delivered",
"PriceWeights": 1.0286,
"MonthlyRollup": true,
"State_Weight": false}, 
{
"Tier2Clinic": "10.17",
"Description": "Total parenteral nutrition - home delivered",
"PriceWeights": 2.5689,
"MonthlyRollup": true,
"State_Weight": false}, 
{
"Tier2Clinic": "10.18",
"Description": "Enteral nutrition - home delivered",
"PriceWeights": 0.1853,
"MonthlyRollup": true,
"State_Weight": false}, 
{
"Tier2Clinic": "10.19",
"Description": "Ventilation - home delivered",
"PriceWeights": 4.0077,
"MonthlyRollup": true,
"State_Weight": false}, 
{
"Tier2Clinic": "10.20",
"Description": "Radiation therapy - simulation and planning",
"PriceWeights": 0.1667,
"MonthlyRollup": false,
"State_Weight": false}, 
{
"Tier2Clinic": "20.01",
"Description": "Transplants",
"PriceWeights": 0.0871,
"MonthlyRollup": false,
"State_Weight": false}, 
{
"Tier2Clinic": "20.02",
"Description": "Anaesthetics",
"PriceWeights": 0.0499,
"MonthlyRollup": false,
"State_Weight": false}, 
{
"Tier2Clinic": "20.03",
"Description": "Pain management",
"PriceWeights": 0.0836,
"MonthlyRollup": false,
"State_Weight": false}, 
{
"Tier2Clinic": "20.04",
"Description": "Developmental disabilities",
"PriceWeights": 0.0798,
"MonthlyRollup": false,
"State_Weight": false}, 
{
"Tier2Clinic": "20.05",
"Description": "General medicine",
"PriceWeights": 0.0427,
"MonthlyRollup": false,
"State_Weight": false}, 
{
"Tier2Clinic": "20.06",
"Description": "General practice and primary care",
"PriceWeights": "Out of scope",
"MonthlyRollup": false,
"State_Weight": true}, 
{
"Tier2Clinic": "20.07",
"Description": "General surgery",
"PriceWeights": 0.0509,
"MonthlyRollup": false,
"State_Weight": false}, 
{
"Tier2Clinic": "20.08",
"Description": "Genetics",
"PriceWeights": 0.1388,
"MonthlyRollup": false,
"State_Weight": false}, 
{
"Tier2Clinic": "20.09",
"Description": "Geriatric medicine",
"PriceWeights": 0.06,
"MonthlyRollup": false,
"State_Weight": false}, 
{
"Tier2Clinic": "20.10",
"Description": "Haematology",
"PriceWeights": 0.049,
"MonthlyRollup": false,
"State_Weight": false}, 
{
"Tier2Clinic": "20.11",
"Description": "Paediatric medicine",
"PriceWeights": 0.0536,
"MonthlyRollup": false,
"State_Weight": false}, 
{
"Tier2Clinic": "20.12",
"Description": "Paediatric surgery",
"PriceWeights": 0.0608,
"MonthlyRollup": false,
"State_Weight": false}, 
{
"Tier2Clinic": "20.13",
"Description": "Palliative care",
"PriceWeights": 0.0757,
"MonthlyRollup": false,
"State_Weight": false}, 
{
"Tier2Clinic": "20.14",
"Description": "Epilepsy",
"PriceWeights": 0.0516,
"MonthlyRollup": false,
"State_Weight": false}, 
{
"Tier2Clinic": "20.15",
"Description": "Neurology",
"PriceWeights": 0.063,
"MonthlyRollup": false,
"State_Weight": false}, 
{
"Tier2Clinic": "20.16",
"Description": "Neurosurgery",
"PriceWeights": 0.0493,
"MonthlyRollup": false,
"State_Weight": false}, 
{
"Tier2Clinic": "20.17",
"Description": "Ophthalmology",
"PriceWeights": 0.0401,
"MonthlyRollup": false,
"State_Weight": false}, 
{
"Tier2Clinic": "20.18",
"Description": "Ear, nose and throat (ENT)",
"PriceWeights": 0.048,
"MonthlyRollup": false,
"State_Weight": false}, 
{
"Tier2Clinic": "20.19",
"Description": "Respiratory",
"PriceWeights": 0.06,
"MonthlyRollup": false,
"State_Weight": false}, 
{
"Tier2Clinic": "20.20",
"Description": "Respiratory - cystic fibrosis",
"PriceWeights": 0.1556,
"MonthlyRollup": false,
"State_Weight": false}, 
{
"Tier2Clinic": "20.21",
"Description": "Anti-coagulant Screening and Management",
"PriceWeights": 0.0521,
"MonthlyRollup": false,
"State_Weight": false}, 
{
"Tier2Clinic": "20.22",
"Description": "Cardiology",
"PriceWeights": 0.052,
"MonthlyRollup": false,
"State_Weight": false}, 
{
"Tier2Clinic": "20.23",
"Description": "Cardiothoracic",
"PriceWeights": 0.075,
"MonthlyRollup": false,
"State_Weight": false}, 
{
"Tier2Clinic": "20.24",
"Description": "Vascular surgery",
"PriceWeights": 0.0682,
"MonthlyRollup": false,
"State_Weight": false}, 
{
"Tier2Clinic": "20.25",
"Description": "Gastroenterology",
"PriceWeights": 0.0689,
"MonthlyRollup": false,
"State_Weight": false}, 
{
"Tier2Clinic": "20.26",
"Description": "Hepatobiliary",
"PriceWeights": 0.0894,
"MonthlyRollup": false,
"State_Weight": false}, 
{
"Tier2Clinic": "20.27",
"Description": "Craniofacial",
"PriceWeights": 0.0467,
"MonthlyRollup": false,
"State_Weight": false}, 
{
"Tier2Clinic": "20.28",
"Description": "Metabolic bone",
"PriceWeights": 0.0766,
"MonthlyRollup": false,
"State_Weight": false}, 
{
"Tier2Clinic": "20.29",
"Description": "Orthopaedics",
"PriceWeights": 0.0414,
"MonthlyRollup": false,
"State_Weight": false}, 
{
"Tier2Clinic": "20.30",
"Description": "Rheumatology",
"PriceWeights": 0.0526,
"MonthlyRollup": false,
"State_Weight": false}, 
{
"Tier2Clinic": "20.31",
"Description": "Spinal",
"PriceWeights": 0.0706,
"MonthlyRollup": false,
"State_Weight": false}, 
{
"Tier2Clinic": "20.32",
"Description": "Breast",
"PriceWeights": 0.0635,
"MonthlyRollup": false,
"State_Weight": false}, 
{
"Tier2Clinic": "20.33",
"Description": "Dermatology",
"PriceWeights": 0.045,
"MonthlyRollup": false,
"State_Weight": false}, 
{
"Tier2Clinic": "20.34",
"Description": "Endocrinology",
"PriceWeights": 0.0552,
"MonthlyRollup": false,
"State_Weight": false}, 
{
"Tier2Clinic": "20.35",
"Description": "Nephrology",
"PriceWeights": 0.0804,
"MonthlyRollup": false,
"State_Weight": false}, 
{
"Tier2Clinic": "20.36",
"Description": "Urology",
"PriceWeights": 0.0506,
"MonthlyRollup": false,
"State_Weight": false}, 
{
"Tier2Clinic": "20.37",
"Description": "Assisted reproductive technology",
"PriceWeights": 0.0809,
"MonthlyRollup": false,
"State_Weight": false}, 
{
"Tier2Clinic": "20.38",
"Description": "Gynaecology",
"PriceWeights": 0.0497,
"MonthlyRollup": false,
"State_Weight": false}, 
{
"Tier2Clinic": "20.39",
"Description": "Gynaecological oncology",
"PriceWeights": 0.0623,
"MonthlyRollup": false,
"State_Weight": false}, 
{
"Tier2Clinic": "20.40",
"Description": "Obstetrics - management of pregnancy without complications",
"PriceWeights": 0.0428,
"MonthlyRollup": false,
"State_Weight": false}, 
{
"Tier2Clinic": "20.41",
"Description": "Immunology",
"PriceWeights": 0.056,
"MonthlyRollup": false,
"State_Weight": false}, 
{
"Tier2Clinic": "20.42",
"Description": "Medical oncology - consultation",
"PriceWeights": 0.0835,
"MonthlyRollup": false,
"State_Weight": false}, 
{
"Tier2Clinic": "20.43",
"Description": "Radiation therapy - consultation",
"PriceWeights": 0.0385,
"MonthlyRollup": false,
"State_Weight": false}, 
{
"Tier2Clinic": "20.44",
"Description": "Infectious diseases",
"PriceWeights": 0.0426,
"MonthlyRollup": false,
"State_Weight": false}, 
{
"Tier2Clinic": "20.45",
"Description": "Psychiatry",
"PriceWeights": 0.0392,
"MonthlyRollup": false,
"State_Weight": false}, 
{
"Tier2Clinic": "20.46",
"Description": "Plastic and reconstructive surgery",
"PriceWeights": 0.0392,
"MonthlyRollup": false,
"State_Weight": false}, 
{
"Tier2Clinic": "20.47",
"Description": "Rehabilitation",
"PriceWeights": 0.0448,
"MonthlyRollup": false,
"State_Weight": false}, 
{
"Tier2Clinic": "20.48",
"Description": "Multidisciplinary burns clinic",
"PriceWeights": 0.0641,
"MonthlyRollup": false,
"State_Weight": false}, 
{
"Tier2Clinic": "20.49",
"Description": "Geriatric evaluation and management (GEM)",
"PriceWeights": 0.0773,
"MonthlyRollup": false,
"State_Weight": false}, 
{
"Tier2Clinic": "20.50",
"Description": "Psychogeriatric",
"PriceWeights": 0.0603,
"MonthlyRollup": false,
"State_Weight": false}, 
{
"Tier2Clinic": "20.51",
"Description": "Sleep disorders",
"PriceWeights": 0.0438,
"MonthlyRollup": false,
"State_Weight": false}, 
{
"Tier2Clinic": "20.52",
"Description": "Addiction medicine",
"PriceWeights": 0.0427,
"MonthlyRollup": false,
"State_Weight": false}, 
{
"Tier2Clinic": "20.53",
"Description": "Obstetrics - management of complex pregnancy",
"PriceWeights": 0.0715,
"MonthlyRollup": false,
"State_Weight": false}, 
{
"Tier2Clinic": "20.54",
"Description": "Maternal fetal medicine",
"PriceWeights": 0.0715,
"MonthlyRollup": false,
"State_Weight": false}, 
{
"Tier2Clinic": "20.55",
"Description": "Telehealth - patient location",
"PriceWeights": 0.0195,
"MonthlyRollup": false,
"State_Weight": false}, 
{
"Tier2Clinic": "30.01",
"Description": "General imaging",
"PriceWeights": 0,
"MonthlyRollup": false,
"State_Weight": false}, 
{
"Tier2Clinic": "30.02",
"Description": "Magnetic resonance imaging (MRI)",
"PriceWeights": 0,
"MonthlyRollup": false,
"State_Weight": false}, 
{
"Tier2Clinic": "30.03",
"Description": "Computerised tomography (CT)",
"PriceWeights": 0,
"MonthlyRollup": false,
"State_Weight": false}, 
{
"Tier2Clinic": "30.04",
"Description": "Nuclear medicine",
"PriceWeights": 0,
"MonthlyRollup": false,
"State_Weight": false}, 
{
"Tier2Clinic": "30.05",
"Description": "Pathology (microbiology, haematology, biochemistry)",
"PriceWeights": 0,
"MonthlyRollup": false,
"State_Weight": false}, 
{
"Tier2Clinic": "30.06",
"Description": "Positron emission tomography (PET)",
"PriceWeights": 0,
"MonthlyRollup": false,
"State_Weight": false}, 
{
"Tier2Clinic": "30.07",
"Description": "Mammography screening",
"PriceWeights": 0,
"MonthlyRollup": false,
"State_Weight": false}, 
{
"Tier2Clinic": "30.08",
"Description": "Clinical measurement",
"PriceWeights": 0,
"MonthlyRollup": false,
"State_Weight": false}, 
{
"Tier2Clinic": "40.02",
"Description": "Aged care assessment",
"PriceWeights": "Out of scope",
"MonthlyRollup": false,
"State_Weight": true}, 
{
"Tier2Clinic": "40.03",
"Description": "Aids and appliances",
"PriceWeights": 0.0387,
"MonthlyRollup": false,
"State_Weight": false}, 
{
"Tier2Clinic": "40.04",
"Description": "Clinical pharmacy",
"PriceWeights": 0.1198,
"MonthlyRollup": false,
"State_Weight": false}, 
{
"Tier2Clinic": "40.05",
"Description": "Hydrotherapy",
"PriceWeights": 0.0371,
"MonthlyRollup": false,
"State_Weight": false}, 
{
"Tier2Clinic": "40.06",
"Description": "Occupational therapy",
"PriceWeights": 0.0376,
"MonthlyRollup": false,
"State_Weight": false}, 
{
"Tier2Clinic": "40.07",
"Description": "Pre-admission and pre-anaesthesia",
"PriceWeights": 0.069,
"MonthlyRollup": false,
"State_Weight": false}, 
{
"Tier2Clinic": "40.08",
"Description": "Primary health care",
"PriceWeights": "Out of scope",
"MonthlyRollup": false,
"State_Weight": true}, 
{
"Tier2Clinic": "40.09",
"Description": "Physiotherapy",
"PriceWeights": 0.0285,
"MonthlyRollup": false,
"State_Weight": false}, 
{
"Tier2Clinic": "40.10",
"Description": "Sexual health",
"PriceWeights": 0.0303,
"MonthlyRollup": false,
"State_Weight": false}, 
{
"Tier2Clinic": "40.11",
"Description": "Social work",
"PriceWeights": 0.0479,
"MonthlyRollup": false,
"State_Weight": false}, 
{
"Tier2Clinic": "40.12",
"Description": "Rehabilitation",
"PriceWeights": 0.0437,
"MonthlyRollup": false,
"State_Weight": false}, 
{
"Tier2Clinic": "40.13",
"Description": "Wound management",
"PriceWeights": 0.037,
"MonthlyRollup": false,
"State_Weight": false}, 
{
"Tier2Clinic": "40.14",
"Description": "Neuropsychology",
"PriceWeights": 0.1114,
"MonthlyRollup": false,
"State_Weight": false}, 
{
"Tier2Clinic": "40.15",
"Description": "Optometry",
"PriceWeights": 0.0085,
"MonthlyRollup": false,
"State_Weight": false}, 
{
"Tier2Clinic": "40.16",
"Description": "Orthoptics",
"PriceWeights": 0.0233,
"MonthlyRollup": false,
"State_Weight": false}, 
{
"Tier2Clinic": "40.17",
"Description": "Audiology",
"PriceWeights": 0.0457,
"MonthlyRollup": false,
"State_Weight": false}, 
{
"Tier2Clinic": "40.18",
"Description": "Speech pathology",
"PriceWeights": 0.0399,
"MonthlyRollup": false,
"State_Weight": false}, 
{
"Tier2Clinic": "40.21",
"Description": "Cardiac rehabilitation",
"PriceWeights": 0.0542,
"MonthlyRollup": false,
"State_Weight": false}, 
{
"Tier2Clinic": "40.22",
"Description": "Stomal therapy",
"PriceWeights": 0.0673,
"MonthlyRollup": false,
"State_Weight": false}, 
{
"Tier2Clinic": "40.23",
"Description": "Nutrition/dietetics",
"PriceWeights": 0.036,
"MonthlyRollup": false,
"State_Weight": false}, 
{
"Tier2Clinic": "40.24",
"Description": "Orthotics",
"PriceWeights": 0.046,
"MonthlyRollup": false,
"State_Weight": false}, 
{
"Tier2Clinic": "40.25",
"Description": "Podiatry",
"PriceWeights": 0.0335,
"MonthlyRollup": false,
"State_Weight": false}, 
{
"Tier2Clinic": "40.27",
"Description": "Family planning",
"PriceWeights": "Out of scope",
"MonthlyRollup": false,
"State_Weight": true}, 
{
"Tier2Clinic": "40.28",
"Description": "Midwifery and maternity",
"PriceWeights": 0.036,
"MonthlyRollup": false,
"State_Weight": false}, 
{
"Tier2Clinic": "40.29",
"Description": "Psychology",
"PriceWeights": 0.0239,
"MonthlyRollup": false,
"State_Weight": false}, 
{
"Tier2Clinic": "40.30",
"Description": "Alcohol and other drugs",
"PriceWeights": 0.0335,
"MonthlyRollup": false,
"State_Weight": false}, 
{
"Tier2Clinic": "40.31",
"Description": "Burns",
"PriceWeights": 0.0378,
"MonthlyRollup": false,
"State_Weight": false}, 
{
"Tier2Clinic": "40.32",
"Description": "Continence",
"PriceWeights": 0.0229,
"MonthlyRollup": false,
"State_Weight": false}, 
{
"Tier2Clinic": "40.33",
"Description": "General counselling",
"PriceWeights": "Out of scope",
"MonthlyRollup": false,
"State_Weight": true}, 
{
"Tier2Clinic": "40.34",
"Description": "Specialist mental health",
"PriceWeights": 0,
"MonthlyRollup": false,
"State_Weight": false}, 
{
"Tier2Clinic": "40.35",
"Description": "Palliative care",
"PriceWeights": 0.0531,
"MonthlyRollup": false,
"State_Weight": false}, 
{
"Tier2Clinic": "40.36",
"Description": "Geriatric evaluation and management (GEM)",
"PriceWeights": 0.0495,
"MonthlyRollup": false,
"State_Weight": false}, 
{
"Tier2Clinic": "40.37",
"Description": "Psychogeriatric",
"PriceWeights": 0.0179,
"MonthlyRollup": false,
"State_Weight": false}, 
{
"Tier2Clinic": "40.38",
"Description": "Infectious diseases",
"PriceWeights": 0.0738,
"MonthlyRollup": false,
"State_Weight": false}, 
{
"Tier2Clinic": "40.39",
"Description": "Neurology",
"PriceWeights": 0.048,
"MonthlyRollup": false,
"State_Weight": false}, 
{
"Tier2Clinic": "40.40",
"Description": "Respiratory",
"PriceWeights": 0.0336,
"MonthlyRollup": false,
"State_Weight": false}, 
{
"Tier2Clinic": "40.41",
"Description": "Gastroenterology",
"PriceWeights": 0.0428,
"MonthlyRollup": false,
"State_Weight": false}, 
{
"Tier2Clinic": "40.42",
"Description": "Circulatory",
"PriceWeights": 0.0605,
"MonthlyRollup": false,
"State_Weight": false}, 
{
"Tier2Clinic": "40.43",
"Description": "Hepatobiliary",
"PriceWeights": 0.0757,
"MonthlyRollup": false,
"State_Weight": false}, 
{
"Tier2Clinic": "40.44",
"Description": "Orthopaedics",
"PriceWeights": 0.0371,
"MonthlyRollup": false,
"State_Weight": false}, 
{
"Tier2Clinic": "40.45",
"Description": "Dermatology",
"PriceWeights": 0.0379,
"MonthlyRollup": false,
"State_Weight": false}, 
{
"Tier2Clinic": "40.46",
"Description": "Endocrinology",
"PriceWeights": 0.0438,
"MonthlyRollup": false,
"State_Weight": false}, 
{
"Tier2Clinic": "40.47",
"Description": "Nephrology",
"PriceWeights": 0.0403,
"MonthlyRollup": false,
"State_Weight": false}, 
{
"Tier2Clinic": "40.48",
"Description": "Haematology and immunology",
"PriceWeights": 0.0505,
"MonthlyRollup": false,
"State_Weight": false}, 
{
"Tier2Clinic": "40.49",
"Description": "Gynaecology",
"PriceWeights": 0.0492,
"MonthlyRollup": false,
"State_Weight": false}, 
{
"Tier2Clinic": "40.50",
"Description": "Urology",
"PriceWeights": 0.0507,
"MonthlyRollup": false,
"State_Weight": false}, 
{
"Tier2Clinic": "40.51",
"Description": "Breast",
"PriceWeights": 0.0565,
"MonthlyRollup": false,
"State_Weight": false}, 
{
"Tier2Clinic": "40.52",
"Description": "Oncology",
"PriceWeights": 0.0268,
"MonthlyRollup": false,
"State_Weight": false}, 
{
"Tier2Clinic": "40.53",
"Description": "General medicine",
"PriceWeights": 0.0406,
"MonthlyRollup": false,
"State_Weight": false}, 
{
"Tier2Clinic": "40.54",
"Description": "General surgery",
"PriceWeights": 0.0352,
"MonthlyRollup": false,
"State_Weight": false}, 
{
"Tier2Clinic": "40.55",
"Description": "Paediatrics",
"PriceWeights": 0.0366,
"MonthlyRollup": false,
"State_Weight": false}, 
{
"Tier2Clinic": "40.56",
"Description": "Falls prevention",
"PriceWeights": 0.013,
"MonthlyRollup": false,
"State_Weight": false}, 
{
"Tier2Clinic": "40.57",
"Description": "Cognition and memory",
"PriceWeights": 0.0475,
"MonthlyRollup": false,
"State_Weight": false}, 
{
"Tier2Clinic": "40.58",
"Description": "Hospital avoidance programs",
"PriceWeights": 0.0438,
"MonthlyRollup": false,
"State_Weight": false}, 
{
"Tier2Clinic": "40.59",
"Description": "Post-acute care",
"PriceWeights": 0.0511,
"MonthlyRollup": false,
"State_Weight": false}, 
{
"Tier2Clinic": "40.60",
"Description": "Pulmonary rehabilitation",
"PriceWeights": 0.0542,
"MonthlyRollup": false,
"State_Weight": false}, 
{
"Tier2Clinic": "40.61",
"Description": "Telehealth - patient location",
"PriceWeights": 0.0093,
"MonthlyRollup": false,
"State_Weight": false}
]}
