{ "Snap":[ 
{
"ANSNAP": "4AZ1",
"EpisodeType": "Rehabilitation",
"Description": "Weighted FIM motor score 13-18, Brain, Spine, MMT, Age >= 49",
"AverageLengthofStay": 61.064748201,
"LowerBound": 42,
"UpperBound": 84,
"SameDay": 0,
"Overnight": 0,
"ShortStayOutlierPerDiem": 0.3366,
"InlierPerDiem": 14.138,
"LongStayOutlierPerDiem": 0.2442,
"HealthType": "Non-mental Health",
"IsPaedClass": false}, 
{
"ANSNAP": "4AZ2",
"EpisodeType": "Rehabilitation",
"Description": "Weighted FIM motor score 13-18, Brain, Spine, MMT, Age <= 48",
"AverageLengthofStay": 83.160621762,
"LowerBound": 58,
"UpperBound": 108,
"SameDay": 0,
"Overnight": 0,
"ShortStayOutlierPerDiem": 0.3529,
"InlierPerDiem": 20.4659,
"LongStayOutlierPerDiem": 0.2326,
"HealthType": "Non-mental Health",
"IsPaedClass": false}, 
{
"ANSNAP": "4AZ3",
"EpisodeType": "Rehabilitation",
"Description": "Weighted FIM motor score 13-18, All other impairments, Age >= 65",
"AverageLengthofStay": 30.81980198,
"LowerBound": 19,
"UpperBound": 45,
"SameDay": 0,
"Overnight": 0,
"ShortStayOutlierPerDiem": 0.3256,
"InlierPerDiem": 6.1858,
"LongStayOutlierPerDiem": 0.1927,
"HealthType": "Non-mental Health",
"IsPaedClass": false}, 
{
"ANSNAP": "4AZ4",
"EpisodeType": "Rehabilitation",
"Description": "Weighted FIM motor score 13-18, All other impairments, Age <= 64",
"AverageLengthofStay": 45.282608696,
"LowerBound": 30,
"UpperBound": 66,
"SameDay": 0,
"Overnight": 0,
"ShortStayOutlierPerDiem": 0.3082,
"InlierPerDiem": 9.2471,
"LongStayOutlierPerDiem": 0.1872,
"HealthType": "Non-mental Health",
"IsPaedClass": false}, 
{
"ANSNAP": "4AA1",
"EpisodeType": "Rehabilitation",
"Description": "Stroke, weighted FIM motor 51-91, FIM cognition 29-35",
"AverageLengthofStay": 15.252361673,
"LowerBound": 10,
"UpperBound": 23,
"SameDay": 0,
"Overnight": 0,
"ShortStayOutlierPerDiem": 0.3021,
"InlierPerDiem": 3.0211,
"LongStayOutlierPerDiem": 0.1742,
"HealthType": "Non-mental Health",
"IsPaedClass": false}, 
{
"ANSNAP": "4AA2",
"EpisodeType": "Rehabilitation",
"Description": "Stroke, weighted FIM motor 51-91, FIM cognition 19-28",
"AverageLengthofStay": 19.641860465,
"LowerBound": 12,
"UpperBound": 30,
"SameDay": 0,
"Overnight": 0,
"ShortStayOutlierPerDiem": 0.3192,
"InlierPerDiem": 3.83,
"LongStayOutlierPerDiem": 0.1685,
"HealthType": "Non-mental Health",
"IsPaedClass": false}, 
{
"ANSNAP": "4AA3",
"EpisodeType": "Rehabilitation",
"Description": "Stroke, weighted FIM motor 51-91, FIM cognition 5-18",
"AverageLengthofStay": 25.23853211,
"LowerBound": 15,
"UpperBound": 36,
"SameDay": 0,
"Overnight": 0,
"ShortStayOutlierPerDiem": 0.3133,
"InlierPerDiem": 4.6995,
"LongStayOutlierPerDiem": 0.1696,
"HealthType": "Non-mental Health",
"IsPaedClass": false}, 
{
"ANSNAP": "4AA4",
"EpisodeType": "Rehabilitation",
"Description": "Stroke, weighted FIM motor 36-50, Age >= 68",
"AverageLengthofStay": 25.951697128,
"LowerBound": 17,
"UpperBound": 41,
"SameDay": 0,
"Overnight": 0,
"ShortStayOutlierPerDiem": 0.311,
"InlierPerDiem": 5.2871,
"LongStayOutlierPerDiem": 0.1724,
"HealthType": "Non-mental Health",
"IsPaedClass": false}, 
{
"ANSNAP": "4AA5",
"EpisodeType": "Rehabilitation",
"Description": "Stroke, weighted FIM motor 36-50, Age <= 67",
"AverageLengthofStay": 31.996855346,
"LowerBound": 23,
"UpperBound": 48,
"SameDay": 0,
"Overnight": 0,
"ShortStayOutlierPerDiem": 0.2837,
"InlierPerDiem": 6.5251,
"LongStayOutlierPerDiem": 0.187,
"HealthType": "Non-mental Health",
"IsPaedClass": false}, 
{
"ANSNAP": "4AA6",
"EpisodeType": "Rehabilitation",
"Description": "Stroke, weighted FIM motor 19-35, Age >= 68",
"AverageLengthofStay": 36.733752621,
"LowerBound": 25,
"UpperBound": 57,
"SameDay": 0,
"Overnight": 0,
"ShortStayOutlierPerDiem": 0.2955,
"InlierPerDiem": 7.3875,
"LongStayOutlierPerDiem": 0.1865,
"HealthType": "Non-mental Health",
"IsPaedClass": false}, 
{
"ANSNAP": "4AA7",
"EpisodeType": "Rehabilitation",
"Description": "Stroke, weighted FIM motor 19-35, Age <= 67",
"AverageLengthofStay": 50.148706897,
"LowerBound": 31,
"UpperBound": 68,
"SameDay": 0,
"Overnight": 0,
"ShortStayOutlierPerDiem": 0.3117,
"InlierPerDiem": 9.6621,
"LongStayOutlierPerDiem": 0.1804,
"HealthType": "Non-mental Health",
"IsPaedClass": false}, 
{
"ANSNAP": "4AB1",
"EpisodeType": "Rehabilitation",
"Description": "Brain dysfunction, weighted FIM motor 71-91, FIM cognition 26-35",
"AverageLengthofStay": 13.416666667,
"LowerBound": 8,
"UpperBound": 20,
"SameDay": 0,
"Overnight": 0,
"ShortStayOutlierPerDiem": 0.3726,
"InlierPerDiem": 2.981,
"LongStayOutlierPerDiem": 0.1672,
"HealthType": "Non-mental Health",
"IsPaedClass": false}, 
{
"ANSNAP": "4AB2",
"EpisodeType": "Rehabilitation",
"Description": "Brain dysfunction, weighted FIM motor 71-91, FIM cognition 5-25",
"AverageLengthofStay": 21.567944251,
"LowerBound": 13,
"UpperBound": 31,
"SameDay": 0,
"Overnight": 0,
"ShortStayOutlierPerDiem": 0.3709,
"InlierPerDiem": 4.8222,
"LongStayOutlierPerDiem": 0.2516,
"HealthType": "Non-mental Health",
"IsPaedClass": false}, 
{
"ANSNAP": "4AB3",
"EpisodeType": "Rehabilitation",
"Description": "Brain dysfunction, weighted FIM motor 41-70, FIM cognition 26-35",
"AverageLengthofStay": 18.93040293,
"LowerBound": 13,
"UpperBound": 30,
"SameDay": 0,
"Overnight": 0,
"ShortStayOutlierPerDiem": 0.298,
"InlierPerDiem": 3.8741,
"LongStayOutlierPerDiem": 0.1869,
"HealthType": "Non-mental Health",
"IsPaedClass": false}, 
{
"ANSNAP": "4AB4",
"EpisodeType": "Rehabilitation",
"Description": "Brain dysfunction, weighted FIM motor 41-70, FIM cognition 17-25",
"AverageLengthofStay": 23.170634921,
"LowerBound": 16,
"UpperBound": 38,
"SameDay": 0,
"Overnight": 0,
"ShortStayOutlierPerDiem": 0.3127,
"InlierPerDiem": 5.0027,
"LongStayOutlierPerDiem": 0.1854,
"HealthType": "Non-mental Health",
"IsPaedClass": false}, 
{
"ANSNAP": "4AB5",
"EpisodeType": "Rehabilitation",
"Description": "Brain dysfunction, weighted FIM motor 41-70, FIM cognition 5-16",
"AverageLengthofStay": 33.304093567,
"LowerBound": 21,
"UpperBound": 50,
"SameDay": 0,
"Overnight": 0,
"ShortStayOutlierPerDiem": 0.3204,
"InlierPerDiem": 6.7277,
"LongStayOutlierPerDiem": 0.2189,
"HealthType": "Non-mental Health",
"IsPaedClass": false}, 
{
"ANSNAP": "4AB6",
"EpisodeType": "Rehabilitation",
"Description": "Brain dysfunction, weighted FIM motor 29-40",
"AverageLengthofStay": 36.653333333,
"LowerBound": 21,
"UpperBound": 48,
"SameDay": 0,
"Overnight": 0,
"ShortStayOutlierPerDiem": 0.3376,
"InlierPerDiem": 7.0901,
"LongStayOutlierPerDiem": 0.2325,
"HealthType": "Non-mental Health",
"IsPaedClass": false}, 
{
"ANSNAP": "4AB7",
"EpisodeType": "Rehabilitation",
"Description": "Brain dysfunction, weighted FIM motor 19-28",
"AverageLengthofStay": 41.322368421,
"LowerBound": 26,
"UpperBound": 60,
"SameDay": 0,
"Overnight": 0,
"ShortStayOutlierPerDiem": 0.3767,
"InlierPerDiem": 9.7938,
"LongStayOutlierPerDiem": 0.2429,
"HealthType": "Non-mental Health",
"IsPaedClass": false}, 
{
"ANSNAP": "4AC1",
"EpisodeType": "Rehabilitation",
"Description": "Neurological conditions, weighted FIM motor 62-91",
"AverageLengthofStay": 15.237373737,
"LowerBound": 10,
"UpperBound": 24,
"SameDay": 0,
"Overnight": 0,
"ShortStayOutlierPerDiem": 0.3094,
"InlierPerDiem": 3.0943,
"LongStayOutlierPerDiem": 0.1702,
"HealthType": "Non-mental Health",
"IsPaedClass": false}, 
{
"ANSNAP": "4AC2",
"EpisodeType": "Rehabilitation",
"Description": "Neurological conditions, weighted FIM motor 43-61",
"AverageLengthofStay": 19.889873418,
"LowerBound": 13,
"UpperBound": 31,
"SameDay": 0,
"Overnight": 0,
"ShortStayOutlierPerDiem": 0.2989,
"InlierPerDiem": 3.8856,
"LongStayOutlierPerDiem": 0.1756,
"HealthType": "Non-mental Health",
"IsPaedClass": false}, 
{
"ANSNAP": "4AC3",
"EpisodeType": "Rehabilitation",
"Description": "Neurological conditions, weighted FIM motor 19-42",
"AverageLengthofStay": 29.787234043,
"LowerBound": 21,
"UpperBound": 45,
"SameDay": 0,
"Overnight": 0,
"ShortStayOutlierPerDiem": 0.2888,
"InlierPerDiem": 6.0658,
"LongStayOutlierPerDiem": 0.1862,
"HealthType": "Non-mental Health",
"IsPaedClass": false}, 
{
"ANSNAP": "4AD1",
"EpisodeType": "Rehabilitation",
"Description": "Spinal cord dysfunction, Age >= 50, weighted FIM motor 42-91",
"AverageLengthofStay": 23.676724138,
"LowerBound": 16,
"UpperBound": 38,
"SameDay": 0,
"Overnight": 0,
"ShortStayOutlierPerDiem": 0.3313,
"InlierPerDiem": 5.3014,
"LongStayOutlierPerDiem": 0.228,
"HealthType": "Non-mental Health",
"IsPaedClass": false}, 
{
"ANSNAP": "4AD2",
"EpisodeType": "Rehabilitation",
"Description": "Spinal cord dysfunction, Age >= 50, weighted FIM motor 19-41",
"AverageLengthofStay": 45.937007874,
"LowerBound": 32,
"UpperBound": 69,
"SameDay": 0,
"Overnight": 0,
"ShortStayOutlierPerDiem": 0.3156,
"InlierPerDiem": 10.0991,
"LongStayOutlierPerDiem": 0.2159,
"HealthType": "Non-mental Health",
"IsPaedClass": false}, 
{
"ANSNAP": "4AD3",
"EpisodeType": "Rehabilitation",
"Description": "Spinal cord dysfunction, Age <= 49, weighted FIM motor 34-91",
"AverageLengthofStay": 30.118110236,
"LowerBound": 21,
"UpperBound": 48,
"SameDay": 0,
"Overnight": 0,
"ShortStayOutlierPerDiem": 0.3317,
"InlierPerDiem": 6.9662,
"LongStayOutlierPerDiem": 0.2392,
"HealthType": "Non-mental Health",
"IsPaedClass": false}, 
{
"ANSNAP": "4AD4",
"EpisodeType": "Rehabilitation",
"Description": "Spinal cord dysfunction, Age <= 49, weighted FIM motor 19-33",
"AverageLengthofStay": 61.705882353,
"LowerBound": 50,
"UpperBound": 97,
"SameDay": 0,
"Overnight": 0,
"ShortStayOutlierPerDiem": 0.3294,
"InlierPerDiem": 16.472,
"LongStayOutlierPerDiem": 0.2669,
"HealthType": "Non-mental Health",
"IsPaedClass": false}, 
{
"ANSNAP": "4AE1",
"EpisodeType": "Rehabilitation",
"Description": "Amputation of limb, Age >= 54, weighted FIM motor 68-91",
"AverageLengthofStay": 21.5,
"LowerBound": 15,
"UpperBound": 35,
"SameDay": 0,
"Overnight": 0,
"ShortStayOutlierPerDiem": 0.3199,
"InlierPerDiem": 4.7984,
"LongStayOutlierPerDiem": 0.2025,
"HealthType": "Non-mental Health",
"IsPaedClass": false}, 
{
"ANSNAP": "4AE2",
"EpisodeType": "Rehabilitation",
"Description": "Amputation of limb, Age >= 54, weighted FIM motor 31-67",
"AverageLengthofStay": 27.509722222,
"LowerBound": 18,
"UpperBound": 41,
"SameDay": 0,
"Overnight": 0,
"ShortStayOutlierPerDiem": 0.2891,
"InlierPerDiem": 5.2042,
"LongStayOutlierPerDiem": 0.1683,
"HealthType": "Non-mental Health",
"IsPaedClass": false}, 
{
"ANSNAP": "4AE3",
"EpisodeType": "Rehabilitation",
"Description": "Amputation of limb, Age >= 54, weighted FIM motor 19-30",
"AverageLengthofStay": 40.340909091,
"LowerBound": 26,
"UpperBound": 61,
"SameDay": 0,
"Overnight": 0,
"ShortStayOutlierPerDiem": 0.2794,
"InlierPerDiem": 7.2637,
"LongStayOutlierPerDiem": 0.1872,
"HealthType": "Non-mental Health",
"IsPaedClass": false}, 
{
"ANSNAP": "4AE4",
"EpisodeType": "Rehabilitation",
"Description": "Amputation of limb, Age <= 53, weighted FIM motor 19-91",
"AverageLengthofStay": 29.502702703,
"LowerBound": 19,
"UpperBound": 45,
"SameDay": 0,
"Overnight": 0,
"ShortStayOutlierPerDiem": 0.2993,
"InlierPerDiem": 5.6865,
"LongStayOutlierPerDiem": 0.2054,
"HealthType": "Non-mental Health",
"IsPaedClass": false}, 
{
"ANSNAP": "4AH1",
"EpisodeType": "Rehabilitation",
"Description": "Orthopaedic conditions, fractures, weighted FIM motor 49-91, FIM cognition 33-35",
"AverageLengthofStay": 16.333698031,
"LowerBound": 10,
"UpperBound": 25,
"SameDay": 0,
"Overnight": 0,
"ShortStayOutlierPerDiem": 0.3153,
"InlierPerDiem": 3.1527,
"LongStayOutlierPerDiem": 0.1713,
"HealthType": "Non-mental Health",
"IsPaedClass": false}, 
{
"ANSNAP": "4AH2",
"EpisodeType": "Rehabilitation",
"Description": "Orthopaedic conditions, fractures, weighted FIM motor 49-91, FIM cognition 5-32",
"AverageLengthofStay": 18.873442368,
"LowerBound": 13,
"UpperBound": 30,
"SameDay": 0,
"Overnight": 0,
"ShortStayOutlierPerDiem": 0.2755,
"InlierPerDiem": 3.5818,
"LongStayOutlierPerDiem": 0.1604,
"HealthType": "Non-mental Health",
"IsPaedClass": false}, 
{
"ANSNAP": "4AH3",
"EpisodeType": "Rehabilitation",
"Description": "Orthopaedic conditions, fractures, weighted FIM motor 38-48",
"AverageLengthofStay": 23.606027987,
"LowerBound": 15,
"UpperBound": 35,
"SameDay": 0,
"Overnight": 0,
"ShortStayOutlierPerDiem": 0.2888,
"InlierPerDiem": 4.3327,
"LongStayOutlierPerDiem": 0.164,
"HealthType": "Non-mental Health",
"IsPaedClass": false}, 
{
"ANSNAP": "4AH4",
"EpisodeType": "Rehabilitation",
"Description": "Orthopaedic conditions, fractures, weighted FIM motor 19-37",
"AverageLengthofStay": 26.32900232,
"LowerBound": 18,
"UpperBound": 40,
"SameDay": 0,
"Overnight": 0,
"ShortStayOutlierPerDiem": 0.2793,
"InlierPerDiem": 5.0271,
"LongStayOutlierPerDiem": 0.1612,
"HealthType": "Non-mental Health",
"IsPaedClass": false}, 
{
"ANSNAP": "4A21",
"EpisodeType": "Rehabilitation",
"Description": "Orthopaedic conditions, all other (including replacements), weighted FIM motor 68-91",
"AverageLengthofStay": 10.857482185,
"LowerBound": 7,
"UpperBound": 17,
"SameDay": 0,
"Overnight": 0,
"ShortStayOutlierPerDiem": 0.2976,
"InlierPerDiem": 2.0832,
"LongStayOutlierPerDiem": 0.1628,
"HealthType": "Non-mental Health",
"IsPaedClass": false}, 
{
"ANSNAP": "4A22",
"EpisodeType": "Rehabilitation",
"Description": "Orthopaedic conditions, all other (including replacements), weighted FIM motor 50-67",
"AverageLengthofStay": 14.078726382,
"LowerBound": 9,
"UpperBound": 21,
"SameDay": 0,
"Overnight": 0,
"ShortStayOutlierPerDiem": 0.29,
"InlierPerDiem": 2.6097,
"LongStayOutlierPerDiem": 0.1717,
"HealthType": "Non-mental Health",
"IsPaedClass": false}, 
{
"ANSNAP": "4A23",
"EpisodeType": "Rehabilitation",
"Description": "Orthopaedic conditions, all other (including replacements), weighted FIM motor 19-49",
"AverageLengthofStay": 21.797134238,
"LowerBound": 13,
"UpperBound": 33,
"SameDay": 0,
"Overnight": 0,
"ShortStayOutlierPerDiem": 0.3179,
"InlierPerDiem": 4.133,
"LongStayOutlierPerDiem": 0.18,
"HealthType": "Non-mental Health",
"IsPaedClass": false}, 
{
"ANSNAP": "4A31",
"EpisodeType": "Rehabilitation",
"Description": "Cardiac, Pain syndromes, Pulmonary, weighted FIM motor 72-91",
"AverageLengthofStay": 10.637351779,
"LowerBound": 7,
"UpperBound": 16,
"SameDay": 0,
"Overnight": 0,
"ShortStayOutlierPerDiem": 0.3207,
"InlierPerDiem": 2.2448,
"LongStayOutlierPerDiem": 0.1706,
"HealthType": "Non-mental Health",
"IsPaedClass": false}, 
{
"ANSNAP": "4A32",
"EpisodeType": "Rehabilitation",
"Description": "Cardiac, Pain syndromes, Pulmonary, weighted FIM motor 55-71",
"AverageLengthofStay": 13.816778523,
"LowerBound": 9,
"UpperBound": 22,
"SameDay": 0,
"Overnight": 0,
"ShortStayOutlierPerDiem": 0.3119,
"InlierPerDiem": 2.8074,
"LongStayOutlierPerDiem": 0.1636,
"HealthType": "Non-mental Health",
"IsPaedClass": false}, 
{
"ANSNAP": "4A33",
"EpisodeType": "Rehabilitation",
"Description": "Cardiac, Pain syndromes, Pulmonary, weighted FIM motor 34-54",
"AverageLengthofStay": 17.894679696,
"LowerBound": 12,
"UpperBound": 29,
"SameDay": 0,
"Overnight": 0,
"ShortStayOutlierPerDiem": 0.3016,
"InlierPerDiem": 3.6188,
"LongStayOutlierPerDiem": 0.1661,
"HealthType": "Non-mental Health",
"IsPaedClass": false}, 
{
"ANSNAP": "4A34",
"EpisodeType": "Rehabilitation",
"Description": "Cardiac, Pain syndromes, Pulmonary, weighted FIM motor 19-33",
"AverageLengthofStay": 20.685393258,
"LowerBound": 14,
"UpperBound": 34,
"SameDay": 0,
"Overnight": 0,
"ShortStayOutlierPerDiem": 0.3113,
"InlierPerDiem": 4.3578,
"LongStayOutlierPerDiem": 0.1676,
"HealthType": "Non-mental Health",
"IsPaedClass": false}, 
{
"ANSNAP": "4AP1",
"EpisodeType": "Rehabilitation",
"Description": "Major Multiple Trauma, weighted FIM motor 19-91",
"AverageLengthofStay": 27.01,
"LowerBound": 16,
"UpperBound": 38,
"SameDay": 0,
"Overnight": 0,
"ShortStayOutlierPerDiem": 0.3238,
"InlierPerDiem": 5.1805,
"LongStayOutlierPerDiem": 0.2248,
"HealthType": "Non-mental Health",
"IsPaedClass": false}, 
{
"ANSNAP": "4AR1",
"EpisodeType": "Rehabilitation",
"Description": "Reconditioning, weighted FIM motor 67-91",
"AverageLengthofStay": 13.303941487,
"LowerBound": 8,
"UpperBound": 20,
"SameDay": 0,
"Overnight": 0,
"ShortStayOutlierPerDiem": 0.3394,
"InlierPerDiem": 2.7154,
"LongStayOutlierPerDiem": 0.1823,
"HealthType": "Non-mental Health",
"IsPaedClass": false}, 
{
"ANSNAP": "4AR2",
"EpisodeType": "Rehabilitation",
"Description": "Reconditioning, weighted FIM motor 50-66, FIM cognition 26-35",
"AverageLengthofStay": 16.234413965,
"LowerBound": 11,
"UpperBound": 25,
"SameDay": 0,
"Overnight": 0,
"ShortStayOutlierPerDiem": 0.3043,
"InlierPerDiem": 3.3472,
"LongStayOutlierPerDiem": 0.1729,
"HealthType": "Non-mental Health",
"IsPaedClass": false}, 
{
"ANSNAP": "4AR3",
"EpisodeType": "Rehabilitation",
"Description": "Reconditioning, weighted FIM motor 50-66, FIM cognition 5-25",
"AverageLengthofStay": 17.071070234,
"LowerBound": 11,
"UpperBound": 27,
"SameDay": 0,
"Overnight": 0,
"ShortStayOutlierPerDiem": 0.3161,
"InlierPerDiem": 3.4767,
"LongStayOutlierPerDiem": 0.1702,
"HealthType": "Non-mental Health",
"IsPaedClass": false}, 
{
"ANSNAP": "4AR4",
"EpisodeType": "Rehabilitation",
"Description": "Reconditioning, weighted FIM motor 34-49, FIM cognition 31-35",
"AverageLengthofStay": 20.909090909,
"LowerBound": 14,
"UpperBound": 32,
"SameDay": 0,
"Overnight": 0,
"ShortStayOutlierPerDiem": 0.3154,
"InlierPerDiem": 4.416,
"LongStayOutlierPerDiem": 0.1715,
"HealthType": "Non-mental Health",
"IsPaedClass": false}, 
{
"ANSNAP": "4AR5",
"EpisodeType": "Rehabilitation",
"Description": "Reconditioning, weighted FIM motor 34-49, FIM cognition 5-30",
"AverageLengthofStay": 20.116700201,
"LowerBound": 13,
"UpperBound": 31,
"SameDay": 0,
"Overnight": 0,
"ShortStayOutlierPerDiem": 0.3279,
"InlierPerDiem": 4.2628,
"LongStayOutlierPerDiem": 0.1742,
"HealthType": "Non-mental Health",
"IsPaedClass": false}, 
{
"ANSNAP": "4AR6",
"EpisodeType": "Rehabilitation",
"Description": "Reconditioning, weighted FIM motor 19-33",
"AverageLengthofStay": 24.332520325,
"LowerBound": 16,
"UpperBound": 37,
"SameDay": 0,
"Overnight": 0,
"ShortStayOutlierPerDiem": 0.319,
"InlierPerDiem": 5.1045,
"LongStayOutlierPerDiem": 0.1713,
"HealthType": "Non-mental Health",
"IsPaedClass": false}, 
{
"ANSNAP": "4A91",
"EpisodeType": "Rehabilitation",
"Description": "All other impairments, weighted FIM motor 55-91",
"AverageLengthofStay": 15.836144578,
"LowerBound": 10,
"UpperBound": 24,
"SameDay": 0,
"Overnight": 0,
"ShortStayOutlierPerDiem": 0.3111,
"InlierPerDiem": 3.111,
"LongStayOutlierPerDiem": 0.1824,
"HealthType": "Non-mental Health",
"IsPaedClass": false}, 
{
"ANSNAP": "4A92",
"EpisodeType": "Rehabilitation",
"Description": "All other impairments, weighted FIM motor 33-54",
"AverageLengthofStay": 22,
"LowerBound": 13,
"UpperBound": 32,
"SameDay": 0,
"Overnight": 0,
"ShortStayOutlierPerDiem": 0.3065,
"InlierPerDiem": 3.985,
"LongStayOutlierPerDiem": 0.1903,
"HealthType": "Non-mental Health",
"IsPaedClass": false}, 
{
"ANSNAP": "4A93",
"EpisodeType": "Rehabilitation",
"Description": "All other impairments, weighted FIM motor 19-32",
"AverageLengthofStay": 28.234693878,
"LowerBound": 16,
"UpperBound": 38,
"SameDay": 0,
"Overnight": 0,
"ShortStayOutlierPerDiem": 0.3089,
"InlierPerDiem": 4.9421,
"LongStayOutlierPerDiem": 0.1769,
"HealthType": "Non-mental Health",
"IsPaedClass": false}, 
{
"ANSNAP": "4J01",
"EpisodeType": "Rehabilitation",
"Description": "Adult Same-Day Rehabilitation",
"AverageLengthofStay": 1,
"LowerBound": 0,
"UpperBound": 0,
"SameDay": 0.098,
"Overnight": 0,
"ShortStayOutlierPerDiem": 0,
"InlierPerDiem": 0,
"LongStayOutlierPerDiem": 0,
"HealthType": "Non-mental Health",
"IsPaedClass": false}, 
{
"ANSNAP": "4BS1",
"EpisodeType": "Palliative Care",
"Description": "Stable phase, RUG-ADL 4-5",
"AverageLengthofStay": 8.0845896147,
"LowerBound": 5,
"UpperBound": 12,
"SameDay": 0,
"Overnight": 0,
"ShortStayOutlierPerDiem": 0.3403,
"InlierPerDiem": 1.7016,
"LongStayOutlierPerDiem": 0.1739,
"HealthType": "Non-mental Health",
"IsPaedClass": false}, 
{
"ANSNAP": "4BS2",
"EpisodeType": "Palliative Care",
"Description": "Stable phase, RUG-ADL 6-16",
"AverageLengthofStay": 8.574017094,
"LowerBound": 5,
"UpperBound": 13,
"SameDay": 0,
"Overnight": 0,
"ShortStayOutlierPerDiem": 0.3645,
"InlierPerDiem": 1.8225,
"LongStayOutlierPerDiem": 0.1984,
"HealthType": "Non-mental Health",
"IsPaedClass": false}, 
{
"ANSNAP": "4BS3",
"EpisodeType": "Palliative Care",
"Description": "Stable phase, RUG-ADL 17-18",
"AverageLengthofStay": 7.7648136836,
"LowerBound": 5,
"UpperBound": 13,
"SameDay": 0,
"Overnight": 0,
"ShortStayOutlierPerDiem": 0.3416,
"InlierPerDiem": 1.7078,
"LongStayOutlierPerDiem": 0.2035,
"HealthType": "Non-mental Health",
"IsPaedClass": false}, 
{
"ANSNAP": "4BU1",
"EpisodeType": "Palliative Care",
"Description": "Unstable phase, First Phase in Episode, RUG-ADL 4-13",
"AverageLengthofStay": 2.8939522998,
"LowerBound": 1,
"UpperBound": 5,
"SameDay": 0,
"Overnight": 0,
"ShortStayOutlierPerDiem": 0,
"InlierPerDiem": 0.4375,
"LongStayOutlierPerDiem": 0.2796,
"HealthType": "Non-mental Health",
"IsPaedClass": false}, 
{
"ANSNAP": "4BU2",
"EpisodeType": "Palliative Care",
"Description": "Unstable phase, First Phase in Episode, RUG-ADL 14-18",
"AverageLengthofStay": 2.5305418719,
"LowerBound": 1,
"UpperBound": 5,
"SameDay": 0,
"Overnight": 0,
"ShortStayOutlierPerDiem": 0,
"InlierPerDiem": 0.3877,
"LongStayOutlierPerDiem": 0.2441,
"HealthType": "Non-mental Health",
"IsPaedClass": false}, 
{
"ANSNAP": "4BU3",
"EpisodeType": "Palliative Care",
"Description": "Unstable phase, Not first Phase in Episode, RUG-ADL 4-5",
"AverageLengthofStay": 2.466442953,
"LowerBound": 1,
"UpperBound": 4,
"SameDay": 0,
"Overnight": 0,
"ShortStayOutlierPerDiem": 0,
"InlierPerDiem": 0.602,
"LongStayOutlierPerDiem": 0.2998,
"HealthType": "Non-mental Health",
"IsPaedClass": false}, 
{
"ANSNAP": "4BU4",
"EpisodeType": "Palliative Care",
"Description": "Unstable phase, Not first Phase in Episode, RUG-ADL 6-18",
"AverageLengthofStay": 2.1377832211,
"LowerBound": 1,
"UpperBound": 4,
"SameDay": 0,
"Overnight": 0,
"ShortStayOutlierPerDiem": 0,
"InlierPerDiem": 0.4449,
"LongStayOutlierPerDiem": 0.257,
"HealthType": "Non-mental Health",
"IsPaedClass": false}, 
{
"ANSNAP": "4BD1",
"EpisodeType": "Palliative Care",
"Description": "Deteriorating phase, RUG-ADL 4-14",
"AverageLengthofStay": 5.6140433553,
"LowerBound": 3,
"UpperBound": 9,
"SameDay": 0,
"Overnight": 0,
"ShortStayOutlierPerDiem": 0.406,
"InlierPerDiem": 1.2181,
"LongStayOutlierPerDiem": 0.2197,
"HealthType": "Non-mental Health",
"IsPaedClass": false}, 
{
"ANSNAP": "4BD2",
"EpisodeType": "Palliative Care",
"Description": "Deteriorating phase, RUG-ADL 15-18, Age >= 75",
"AverageLengthofStay": 4.7637109175,
"LowerBound": 2,
"UpperBound": 7,
"SameDay": 0,
"Overnight": 0,
"ShortStayOutlierPerDiem": 0.434,
"InlierPerDiem": 0.8679,
"LongStayOutlierPerDiem": 0.2347,
"HealthType": "Non-mental Health",
"IsPaedClass": false}, 
{
"ANSNAP": "4BD3",
"EpisodeType": "Palliative Care",
"Description": "Deteriorating phase, RUG-ADL 15-18, Age 55-74",
"AverageLengthofStay": 4.9948148148,
"LowerBound": 2,
"UpperBound": 7,
"SameDay": 0,
"Overnight": 0,
"ShortStayOutlierPerDiem": 0.454,
"InlierPerDiem": 0.9081,
"LongStayOutlierPerDiem": 0.2431,
"HealthType": "Non-mental Health",
"IsPaedClass": false}, 
{
"ANSNAP": "4BD4",
"EpisodeType": "Palliative Care",
"Description": "Deteriorating phase, RUG-ADL 15-18, Age <= 54",
"AverageLengthofStay": 5.9131832797,
"LowerBound": 3,
"UpperBound": 9,
"SameDay": 0,
"Overnight": 0,
"ShortStayOutlierPerDiem": 0.4227,
"InlierPerDiem": 1.268,
"LongStayOutlierPerDiem": 0.2375,
"HealthType": "Non-mental Health",
"IsPaedClass": false}, 
{
"ANSNAP": "4BT1",
"EpisodeType": "Palliative Care",
"Description": "Terminal phase",
"AverageLengthofStay": 2.5256588072,
"LowerBound": 1,
"UpperBound": 4,
"SameDay": 0,
"Overnight": 0,
"ShortStayOutlierPerDiem": 0,
"InlierPerDiem": 0.6192,
"LongStayOutlierPerDiem": 0.2446,
"HealthType": "Non-mental Health",
"IsPaedClass": false}, 
{
"ANSNAP": "4K01",
"EpisodeType": "Palliative Care",
"Description": "Adult Same-Day Palliative Care",
"AverageLengthofStay": 1,
"LowerBound": 0,
"UpperBound": 0,
"SameDay": 0.1991,
"Overnight": 0,
"ShortStayOutlierPerDiem": 0,
"InlierPerDiem": 0,
"LongStayOutlierPerDiem": 0,
"HealthType": "Non-mental Health",
"IsPaedClass": false}, 
{
"ANSNAP": "4CH1",
"EpisodeType": "GEM",
"Description": "FIM motor 57-91 with Delirium or Dementia",
"AverageLengthofStay": 23.051745636,
"LowerBound": 14,
"UpperBound": 33,
"SameDay": 0,
"Overnight": 0,
"ShortStayOutlierPerDiem": 0.2636,
"InlierPerDiem": 3.6901,
"LongStayOutlierPerDiem": 0.1504,
"HealthType": "Non-mental Health",
"IsPaedClass": false}, 
{
"ANSNAP": "4CH2",
"EpisodeType": "GEM",
"Description": "FIM motor 57-91 without Delirium or Dementia",
"AverageLengthofStay": 15.513384672,
"LowerBound": 10,
"UpperBound": 24,
"SameDay": 0,
"Overnight": 0,
"ShortStayOutlierPerDiem": 0.2692,
"InlierPerDiem": 2.6917,
"LongStayOutlierPerDiem": 0.146,
"HealthType": "Non-mental Health",
"IsPaedClass": false}, 
{
"ANSNAP": "4CM1",
"EpisodeType": "GEM",
"Description": "FIM motor 18-56 with Delirium or Dementia",
"AverageLengthofStay": 25.039840637,
"LowerBound": 17,
"UpperBound": 39,
"SameDay": 0,
"Overnight": 0,
"ShortStayOutlierPerDiem": 0.2632,
"InlierPerDiem": 4.4746,
"LongStayOutlierPerDiem": 0.1591,
"HealthType": "Non-mental Health",
"IsPaedClass": false}, 
{
"ANSNAP": "4CM2",
"EpisodeType": "GEM",
"Description": "FIM motor 18-56 without Delirium or Dementia",
"AverageLengthofStay": 21.774638844,
"LowerBound": 14,
"UpperBound": 33,
"SameDay": 0,
"Overnight": 0,
"ShortStayOutlierPerDiem": 0.2692,
"InlierPerDiem": 3.7683,
"LongStayOutlierPerDiem": 0.1593,
"HealthType": "Non-mental Health",
"IsPaedClass": false}, 
{
"ANSNAP": "4CL1",
"EpisodeType": "GEM",
"Description": "FIM motor 13-17 with Delirium or Dementia",
"AverageLengthofStay": 25.829787234,
"LowerBound": 18,
"UpperBound": 39,
"SameDay": 0,
"Overnight": 0,
"ShortStayOutlierPerDiem": 0.2591,
"InlierPerDiem": 4.663,
"LongStayOutlierPerDiem": 0.1599,
"HealthType": "Non-mental Health",
"IsPaedClass": false}, 
{
"ANSNAP": "4CL2",
"EpisodeType": "GEM",
"Description": "FIM motor 13-17 without Delirium or Dementia",
"AverageLengthofStay": 26.545792079,
"LowerBound": 16,
"UpperBound": 38,
"SameDay": 0,
"Overnight": 0,
"ShortStayOutlierPerDiem": 0.278,
"InlierPerDiem": 4.4482,
"LongStayOutlierPerDiem": 0.1685,
"HealthType": "Non-mental Health",
"IsPaedClass": false}, 
{
"ANSNAP": "4L01",
"EpisodeType": "GEM",
"Description": "Same-Day GEM",
"AverageLengthofStay": 1,
"LowerBound": 0,
"UpperBound": 0,
"SameDay": 0.1079,
"Overnight": 0,
"ShortStayOutlierPerDiem": 0,
"InlierPerDiem": 0,
"LongStayOutlierPerDiem": 0,
"HealthType": "Non-mental Health",
"IsPaedClass": false}, 
{
"ANSNAP": "4DS1",
"EpisodeType": "Psychogeriatric Care",
"Description": "4DS1-Psychogeriatric Care, HoNOS 65+ Overactive behaviour 3-4, LOS <= 91",
"AverageLengthofStay": 23.893890675,
"LowerBound": 15,
"UpperBound": 36,
"SameDay": 0,
"Overnight": 0,
"ShortStayOutlierPerDiem": 0.4793,
"InlierPerDiem": 7.1893,
"LongStayOutlierPerDiem": 0.295,
"HealthType": "Mental Health",
"IsPaedClass": false}, 
{
"ANSNAP": "4DS2",
"EpisodeType": "Psychogeriatric Care",
"Description": "4DS2-Psychogeriatric Care, HoNOS 65+ Overactive behaviour 1-2, HoNOS 65+ ADL 4, LOS <= 91",
"AverageLengthofStay": 34.394736842,
"LowerBound": 22,
"UpperBound": 51,
"SameDay": 0,
"Overnight": 0,
"ShortStayOutlierPerDiem": 0.4472,
"InlierPerDiem": 9.8381,
"LongStayOutlierPerDiem": 0.2123,
"HealthType": "Mental Health",
"IsPaedClass": false}, 
{
"ANSNAP": "4DS3",
"EpisodeType": "Psychogeriatric Care",
"Description": "4DS3-Psychogeriatric Care, HoNOS 65+ Overactive behaviour 1-2, HoNOS 65+ ADL 0-3, LOS <= 91",
"AverageLengthofStay": 26.541916168,
"LowerBound": 19,
"UpperBound": 44,
"SameDay": 0,
"Overnight": 0,
"ShortStayOutlierPerDiem": 0.4635,
"InlierPerDiem": 8.8066,
"LongStayOutlierPerDiem": 0.2684,
"HealthType": "Mental Health",
"IsPaedClass": false}, 
{
"ANSNAP": "4DS4",
"EpisodeType": "Psychogeriatric Care",
"Description": "4DS4-Psychogeriatric Care, HoNOS 65+ Overactive behaviour 0, HoNOS 65+ total 18-48, LOS <= 91",
"AverageLengthofStay": 34.285714286,
"LowerBound": 24,
"UpperBound": 55,
"SameDay": 0,
"Overnight": 0,
"ShortStayOutlierPerDiem": 0.3813,
"InlierPerDiem": 9.1523,
"LongStayOutlierPerDiem": 0.183,
"HealthType": "Mental Health",
"IsPaedClass": false}, 
{
"ANSNAP": "4DS5",
"EpisodeType": "Psychogeriatric Care",
"Description": "4DS5-Psychogeriatric Care, HoNOS 65+ Overactive behaviour 0, HoNOS 65+ total 0-17, LOS <= 91",
"AverageLengthofStay": 27.41509434,
"LowerBound": 17,
"UpperBound": 40,
"SameDay": 0,
"Overnight": 0,
"ShortStayOutlierPerDiem": 0.5247,
"InlierPerDiem": 8.9198,
"LongStayOutlierPerDiem": 0.2634,
"HealthType": "Mental Health",
"IsPaedClass": false}, 
{
"ANSNAP": "4DL1",
"EpisodeType": "Psychogeriatric Care",
"Description": "4DL1-Psychogeriatric Care, Long term care",
"AverageLengthofStay": 179.47311828,
"LowerBound": 119,
"UpperBound": 200,
"SameDay": 0,
"Overnight": 0,
"ShortStayOutlierPerDiem": 0.3078,
"InlierPerDiem": 36.6301,
"LongStayOutlierPerDiem": 0.2062,
"HealthType": "Mental Health",
"IsPaedClass": false}, 
{
"ANSNAP": "4M01",
"EpisodeType": "Psychogeriatric Care",
"Description": "4M01-Psychogeriatric Care, Same-Day Psychogeriatric Care",
"AverageLengthofStay": 1,
"LowerBound": 0,
"UpperBound": 0,
"SameDay": 0.0865,
"Overnight": 0,
"ShortStayOutlierPerDiem": 0,
"InlierPerDiem": 0,
"LongStayOutlierPerDiem": 0,
"HealthType": "Mental Health",
"IsPaedClass": false}, 
{
"ANSNAP": "4ES1",
"EpisodeType": "Maintenance",
"Description": "Age >= 60, RUG-ADL 4-11, LOS <= 91",
"AverageLengthofStay": 12.745575221,
"LowerBound": 8,
"UpperBound": 20,
"SameDay": 0,
"Overnight": 0,
"ShortStayOutlierPerDiem": 0.286,
"InlierPerDiem": 2.2877,
"LongStayOutlierPerDiem": 0.1564,
"HealthType": "Non-mental Health",
"IsPaedClass": false}, 
{
"ANSNAP": "4ES2",
"EpisodeType": "Maintenance",
"Description": "Age >= 60, RUG-ADL 12-15, LOS <= 91",
"AverageLengthofStay": 13.272968198,
"LowerBound": 8,
"UpperBound": 20,
"SameDay": 0,
"Overnight": 0,
"ShortStayOutlierPerDiem": 0.2841,
"InlierPerDiem": 2.2731,
"LongStayOutlierPerDiem": 0.1625,
"HealthType": "Non-mental Health",
"IsPaedClass": false}, 
{
"ANSNAP": "4ES3",
"EpisodeType": "Maintenance",
"Description": "Age >= 60, RUG-ADL 16-18, LOS <= 91",
"AverageLengthofStay": 14.77540107,
"LowerBound": 10,
"UpperBound": 23,
"SameDay": 0,
"Overnight": 0,
"ShortStayOutlierPerDiem": 0.2649,
"InlierPerDiem": 2.6491,
"LongStayOutlierPerDiem": 0.1613,
"HealthType": "Non-mental Health",
"IsPaedClass": false}, 
{
"ANSNAP": "4ES4",
"EpisodeType": "Maintenance",
"Description": "Age 18-59, LOS <= 91",
"AverageLengthofStay": 16.557857504,
"LowerBound": 10,
"UpperBound": 24,
"SameDay": 0,
"Overnight": 0,
"ShortStayOutlierPerDiem": 0.3803,
"InlierPerDiem": 3.8029,
"LongStayOutlierPerDiem": 0.2182,
"HealthType": "Non-mental Health",
"IsPaedClass": false}, 
{
"ANSNAP": "4EL1",
"EpisodeType": "Maintenance",
"Description": "Long term care",
"AverageLengthofStay": 253.80399274,
"LowerBound": 164,
"UpperBound": 267,
"SameDay": 0,
"Overnight": 0,
"ShortStayOutlierPerDiem": 0.2054,
"InlierPerDiem": 33.6848,
"LongStayOutlierPerDiem": 0.1518,
"HealthType": "Non-mental Health",
"IsPaedClass": false}, 
{
"ANSNAP": "Paediatric Palliative Care",
"EpisodeType": "Palliative Care",
"Description": "Paed-001-Palliative Care, Paediatric Palliative Care",
"AverageLengthofStay": 0,
"LowerBound": 0,
"UpperBound": 0,
"SameDay": 0.5012,
"Overnight": 0.5012,
"ShortStayOutlierPerDiem": 0,
"InlierPerDiem": 0,
"LongStayOutlierPerDiem": 0,
"HealthType": "Non-mental Health",
"IsPaedClass": true}
]}
