{ "Snap":[ 
{
"ANSNAP": "4AZ1",
"EpisodeType": "Rehabilitation",
"Description": "4AZ1-Rehabilitation, Weighted FIM motor score 13-18, Brain, Spine, MMT, Age >= 49",
"AverageLengthofStay": 63.77,
"LowerBound": 42,
"UpperBound": 84,
"SameDay": 0,
"Overnight": 0,
"ShortStayOutlierPerDiem": 0.3478,
"InlierPerDiem": 14.6076,
"LongStayOutlierPerDiem": 0.2629,
"HealthType": "Non-mental Health",
"IsPaedClass": false}, 
{
"ANSNAP": "4AZ2",
"EpisodeType": "Rehabilitation",
"Description": "4AZ2-Rehabilitation, Weighted FIM motor score 13-18, Brain, Spine, MMT, Age <= 48",
"AverageLengthofStay": 87.71,
"LowerBound": 58,
"UpperBound": 108,
"SameDay": 0,
"Overnight": 0,
"ShortStayOutlierPerDiem": 0.4002,
"InlierPerDiem": 23.2096,
"LongStayOutlierPerDiem": 0.2792,
"HealthType": "Non-mental Health",
"IsPaedClass": false}, 
{
"ANSNAP": "4AZ3",
"EpisodeType": "Rehabilitation",
"Description": "4AZ3-Rehabilitation, Weighted FIM motor score 13-18, All other impairments, Age >= 65",
"AverageLengthofStay": 29.97,
"LowerBound": 19,
"UpperBound": 45,
"SameDay": 0,
"Overnight": 0,
"ShortStayOutlierPerDiem": 0.3223,
"InlierPerDiem": 6.1233,
"LongStayOutlierPerDiem": 0.1901,
"HealthType": "Non-mental Health",
"IsPaedClass": false}, 
{
"ANSNAP": "4AZ4",
"EpisodeType": "Rehabilitation",
"Description": "4AZ4-Rehabilitation, Weighted FIM motor score 13-18, All other impairments, Age <= 64",
"AverageLengthofStay": 45.51,
"LowerBound": 30,
"UpperBound": 66,
"SameDay": 0,
"Overnight": 0,
"ShortStayOutlierPerDiem": 0.3094,
"InlierPerDiem": 9.2821,
"LongStayOutlierPerDiem": 0.1802,
"HealthType": "Non-mental Health",
"IsPaedClass": false}, 
{
"ANSNAP": "4AA1",
"EpisodeType": "Rehabilitation",
"Description": "4AA1-Rehabilitation, Stroke, weighted FIM motor 51-91, FIM cognition 29-35",
"AverageLengthofStay": 15.17,
"LowerBound": 10,
"UpperBound": 23,
"SameDay": 0,
"Overnight": 0,
"ShortStayOutlierPerDiem": 0.3125,
"InlierPerDiem": 3.1252,
"LongStayOutlierPerDiem": 0.1699,
"HealthType": "Non-mental Health",
"IsPaedClass": false}, 
{
"ANSNAP": "4AA2",
"EpisodeType": "Rehabilitation",
"Description": "4AA2-Rehabilitation, Stroke, weighted FIM motor 51-91, FIM cognition 19-28",
"AverageLengthofStay": 18.5,
"LowerBound": 12,
"UpperBound": 28,
"SameDay": 0,
"Overnight": 0,
"ShortStayOutlierPerDiem": 0.3235,
"InlierPerDiem": 3.8815,
"LongStayOutlierPerDiem": 0.186,
"HealthType": "Non-mental Health",
"IsPaedClass": false}, 
{
"ANSNAP": "4AA3",
"EpisodeType": "Rehabilitation",
"Description": "4AA3-Rehabilitation, Stroke, weighted FIM motor 51-91, FIM cognition 5-18",
"AverageLengthofStay": 23.89,
"LowerBound": 15,
"UpperBound": 36,
"SameDay": 0,
"Overnight": 0,
"ShortStayOutlierPerDiem": 0.3254,
"InlierPerDiem": 4.8805,
"LongStayOutlierPerDiem": 0.1793,
"HealthType": "Non-mental Health",
"IsPaedClass": false}, 
{
"ANSNAP": "4AA4",
"EpisodeType": "Rehabilitation",
"Description": "4AA4-Rehabilitation, Stroke, weighted FIM motor 36-50, Age >= 68",
"AverageLengthofStay": 26.87,
"LowerBound": 17,
"UpperBound": 41,
"SameDay": 0,
"Overnight": 0,
"ShortStayOutlierPerDiem": 0.3151,
"InlierPerDiem": 5.3573,
"LongStayOutlierPerDiem": 0.1777,
"HealthType": "Non-mental Health",
"IsPaedClass": false}, 
{
"ANSNAP": "4AA5",
"EpisodeType": "Rehabilitation",
"Description": "4AA5-Rehabilitation, Stroke, weighted FIM motor 36-50, Age <= 67",
"AverageLengthofStay": 35,
"LowerBound": 23,
"UpperBound": 53,
"SameDay": 0,
"Overnight": 0,
"ShortStayOutlierPerDiem": 0.3107,
"InlierPerDiem": 7.1468,
"LongStayOutlierPerDiem": 0.1867,
"HealthType": "Non-mental Health",
"IsPaedClass": false}, 
{
"ANSNAP": "4AA6",
"EpisodeType": "Rehabilitation",
"Description": "4AA6-Rehabilitation, Stroke, weighted FIM motor 19-35, Age >= 68",
"AverageLengthofStay": 37.68,
"LowerBound": 25,
"UpperBound": 57,
"SameDay": 0,
"Overnight": 0,
"ShortStayOutlierPerDiem": 0.3045,
"InlierPerDiem": 7.6122,
"LongStayOutlierPerDiem": 0.1724,
"HealthType": "Non-mental Health",
"IsPaedClass": false}, 
{
"ANSNAP": "4AA7",
"EpisodeType": "Rehabilitation",
"Description": "4AA7-Rehabilitation, Stroke, weighted FIM motor 19-35, Age <= 67",
"AverageLengthofStay": 47.31,
"LowerBound": 31,
"UpperBound": 68,
"SameDay": 0,
"Overnight": 0,
"ShortStayOutlierPerDiem": 0.3191,
"InlierPerDiem": 9.8906,
"LongStayOutlierPerDiem": 0.2011,
"HealthType": "Non-mental Health",
"IsPaedClass": false}, 
{
"ANSNAP": "4AB1",
"EpisodeType": "Rehabilitation",
"Description": "4AB1-Rehabilitation, Brain dysfunction, weighted FIM motor 71-91, FIM cognition 26-35",
"AverageLengthofStay": 13.26,
"LowerBound": 8,
"UpperBound": 20,
"SameDay": 0,
"Overnight": 0,
"ShortStayOutlierPerDiem": 0.4021,
"InlierPerDiem": 3.217,
"LongStayOutlierPerDiem": 0.2379,
"HealthType": "Non-mental Health",
"IsPaedClass": false}, 
{
"ANSNAP": "4AB2",
"EpisodeType": "Rehabilitation",
"Description": "4AB2-Rehabilitation, Brain dysfunction, weighted FIM motor 71-91, FIM cognition 5-25",
"AverageLengthofStay": 20.61,
"LowerBound": 13,
"UpperBound": 31,
"SameDay": 0,
"Overnight": 0,
"ShortStayOutlierPerDiem": 0.4037,
"InlierPerDiem": 5.2478,
"LongStayOutlierPerDiem": 0.2561,
"HealthType": "Non-mental Health",
"IsPaedClass": false}, 
{
"ANSNAP": "4AB3",
"EpisodeType": "Rehabilitation",
"Description": "4AB3-Rehabilitation, Brain dysfunction, weighted FIM motor 41-70, FIM cognition 26-35",
"AverageLengthofStay": 19.53,
"LowerBound": 13,
"UpperBound": 30,
"SameDay": 0,
"Overnight": 0,
"ShortStayOutlierPerDiem": 0.3098,
"InlierPerDiem": 4.0271,
"LongStayOutlierPerDiem": 0.1849,
"HealthType": "Non-mental Health",
"IsPaedClass": false}, 
{
"ANSNAP": "4AB4",
"EpisodeType": "Rehabilitation",
"Description": "4AB4-Rehabilitation, Brain dysfunction, weighted FIM motor 41-70, FIM cognition 17-25",
"AverageLengthofStay": 24.79,
"LowerBound": 16,
"UpperBound": 38,
"SameDay": 0,
"Overnight": 0,
"ShortStayOutlierPerDiem": 0.3552,
"InlierPerDiem": 5.683,
"LongStayOutlierPerDiem": 0.1722,
"HealthType": "Non-mental Health",
"IsPaedClass": false}, 
{
"ANSNAP": "4AB5",
"EpisodeType": "Rehabilitation",
"Description": "4AB5-Rehabilitation, Brain dysfunction, weighted FIM motor 41-70, FIM cognition 5-16",
"AverageLengthofStay": 32.9,
"LowerBound": 21,
"UpperBound": 50,
"SameDay": 0,
"Overnight": 0,
"ShortStayOutlierPerDiem": 0.3449,
"InlierPerDiem": 7.2422,
"LongStayOutlierPerDiem": 0.2297,
"HealthType": "Non-mental Health",
"IsPaedClass": false}, 
{
"ANSNAP": "4AB6",
"EpisodeType": "Rehabilitation",
"Description": "4AB6-Rehabilitation, Brain dysfunction, weighted FIM motor 29-40",
"AverageLengthofStay": 31.77,
"LowerBound": 21,
"UpperBound": 48,
"SameDay": 0,
"Overnight": 0,
"ShortStayOutlierPerDiem": 0.3144,
"InlierPerDiem": 6.6019,
"LongStayOutlierPerDiem": 0.1969,
"HealthType": "Non-mental Health",
"IsPaedClass": false}, 
{
"ANSNAP": "4AB7",
"EpisodeType": "Rehabilitation",
"Description": "4AB7-Rehabilitation, Brain dysfunction, weighted FIM motor 19-28",
"AverageLengthofStay": 39.65,
"LowerBound": 26,
"UpperBound": 60,
"SameDay": 0,
"Overnight": 0,
"ShortStayOutlierPerDiem": 0.3534,
"InlierPerDiem": 9.1886,
"LongStayOutlierPerDiem": 0.257,
"HealthType": "Non-mental Health",
"IsPaedClass": false}, 
{
"ANSNAP": "4AC1",
"EpisodeType": "Rehabilitation",
"Description": "4AC1-Rehabilitation, Neurological conditions, weighted FIM motor 62-91",
"AverageLengthofStay": 15.39,
"LowerBound": 10,
"UpperBound": 24,
"SameDay": 0,
"Overnight": 0,
"ShortStayOutlierPerDiem": 0.3186,
"InlierPerDiem": 3.1865,
"LongStayOutlierPerDiem": 0.1884,
"HealthType": "Non-mental Health",
"IsPaedClass": false}, 
{
"ANSNAP": "4AC2",
"EpisodeType": "Rehabilitation",
"Description": "4AC2-Rehabilitation, Neurological conditions, weighted FIM motor 43-61",
"AverageLengthofStay": 20.2,
"LowerBound": 13,
"UpperBound": 31,
"SameDay": 0,
"Overnight": 0,
"ShortStayOutlierPerDiem": 0.3046,
"InlierPerDiem": 3.9594,
"LongStayOutlierPerDiem": 0.1864,
"HealthType": "Non-mental Health",
"IsPaedClass": false}, 
{
"ANSNAP": "4AC3",
"EpisodeType": "Rehabilitation",
"Description": "4AC3-Rehabilitation, Neurological conditions, weighted FIM motor 19-42",
"AverageLengthofStay": 32.93,
"LowerBound": 21,
"UpperBound": 50,
"SameDay": 0,
"Overnight": 0,
"ShortStayOutlierPerDiem": 0.2981,
"InlierPerDiem": 6.2602,
"LongStayOutlierPerDiem": 0.1638,
"HealthType": "Non-mental Health",
"IsPaedClass": false}, 
{
"ANSNAP": "4AD1",
"EpisodeType": "Rehabilitation",
"Description": "4AD1-Rehabilitation, Spinal cord dysfunction, Age >= 50, weighted FIM motor 42-91",
"AverageLengthofStay": 25.17,
"LowerBound": 16,
"UpperBound": 38,
"SameDay": 0,
"Overnight": 0,
"ShortStayOutlierPerDiem": 0.356,
"InlierPerDiem": 5.6959,
"LongStayOutlierPerDiem": 0.2551,
"HealthType": "Non-mental Health",
"IsPaedClass": false}, 
{
"ANSNAP": "4AD2",
"EpisodeType": "Rehabilitation",
"Description": "4AD2-Rehabilitation, Spinal cord dysfunction, Age >= 50, weighted FIM motor 19-41",
"AverageLengthofStay": 48.24,
"LowerBound": 32,
"UpperBound": 69,
"SameDay": 0,
"Overnight": 0,
"ShortStayOutlierPerDiem": 0.3299,
"InlierPerDiem": 10.5578,
"LongStayOutlierPerDiem": 0.2108,
"HealthType": "Non-mental Health",
"IsPaedClass": false}, 
{
"ANSNAP": "4AD3",
"EpisodeType": "Rehabilitation",
"Description": "4AD3-Rehabilitation, Spinal cord dysfunction, Age <= 49, weighted FIM motor 34-91",
"AverageLengthofStay": 31.52,
"LowerBound": 21,
"UpperBound": 48,
"SameDay": 0,
"Overnight": 0,
"ShortStayOutlierPerDiem": 0.4125,
"InlierPerDiem": 8.6635,
"LongStayOutlierPerDiem": 0.2754,
"HealthType": "Non-mental Health",
"IsPaedClass": false}, 
{
"ANSNAP": "4AD4",
"EpisodeType": "Rehabilitation",
"Description": "4AD4-Rehabilitation, Spinal cord dysfunction, Age <= 49, weighted FIM motor 19-33",
"AverageLengthofStay": 76.04,
"LowerBound": 50,
"UpperBound": 97,
"SameDay": 0,
"Overnight": 0,
"ShortStayOutlierPerDiem": 0.4118,
"InlierPerDiem": 20.59,
"LongStayOutlierPerDiem": 0.2876,
"HealthType": "Non-mental Health",
"IsPaedClass": false}, 
{
"ANSNAP": "4AE1",
"EpisodeType": "Rehabilitation",
"Description": "4AE1-Rehabilitation, Amputation of limb, Age >= 54, weighted FIM motor 68-91",
"AverageLengthofStay": 23.18,
"LowerBound": 15,
"UpperBound": 35,
"SameDay": 0,
"Overnight": 0,
"ShortStayOutlierPerDiem": 0.3379,
"InlierPerDiem": 5.0692,
"LongStayOutlierPerDiem": 0.2008,
"HealthType": "Non-mental Health",
"IsPaedClass": false}, 
{
"ANSNAP": "4AE2",
"EpisodeType": "Rehabilitation",
"Description": "4AE2-Rehabilitation, Amputation of limb, Age >= 54, weighted FIM motor 31-67",
"AverageLengthofStay": 27.18,
"LowerBound": 18,
"UpperBound": 41,
"SameDay": 0,
"Overnight": 0,
"ShortStayOutlierPerDiem": 0.3219,
"InlierPerDiem": 5.7939,
"LongStayOutlierPerDiem": 0.1853,
"HealthType": "Non-mental Health",
"IsPaedClass": false}, 
{
"ANSNAP": "4AE3",
"EpisodeType": "Rehabilitation",
"Description": "4AE3-Rehabilitation, Amputation of limb, Age >= 54, weighted FIM motor 19-30",
"AverageLengthofStay": 30.63,
"LowerBound": 20,
"UpperBound": 46,
"SameDay": 0,
"Overnight": 0,
"ShortStayOutlierPerDiem": 0.3246,
"InlierPerDiem": 6.4921,
"LongStayOutlierPerDiem": 0.1645,
"HealthType": "Non-mental Health",
"IsPaedClass": false}, 
{
"ANSNAP": "4AE4",
"EpisodeType": "Rehabilitation",
"Description": "4AE4-Rehabilitation, Amputation of limb, Age <= 53, weighted FIM motor 19-91",
"AverageLengthofStay": 21.59,
"LowerBound": 14,
"UpperBound": 33,
"SameDay": 0,
"Overnight": 0,
"ShortStayOutlierPerDiem": 0.3519,
"InlierPerDiem": 4.9267,
"LongStayOutlierPerDiem": 0.2131,
"HealthType": "Non-mental Health",
"IsPaedClass": false}, 
{
"ANSNAP": "4AH1",
"EpisodeType": "Rehabilitation",
"Description": "4AH1-Rehabilitation, Orthopaedic conditions, fractures, weighted FIM motor 49-91, FIM cognition 33-35",
"AverageLengthofStay": 16.24,
"LowerBound": 10,
"UpperBound": 25,
"SameDay": 0,
"Overnight": 0,
"ShortStayOutlierPerDiem": 0.3068,
"InlierPerDiem": 3.0676,
"LongStayOutlierPerDiem": 0.1702,
"HealthType": "Non-mental Health",
"IsPaedClass": false}, 
{
"ANSNAP": "4AH2",
"EpisodeType": "Rehabilitation",
"Description": "4AH2-Rehabilitation, Orthopaedic conditions, fractures, weighted FIM motor 49-91, FIM cognition 5-32",
"AverageLengthofStay": 19.68,
"LowerBound": 13,
"UpperBound": 30,
"SameDay": 0,
"Overnight": 0,
"ShortStayOutlierPerDiem": 0.2838,
"InlierPerDiem": 3.6898,
"LongStayOutlierPerDiem": 0.1615,
"HealthType": "Non-mental Health",
"IsPaedClass": false}, 
{
"ANSNAP": "4AH3",
"EpisodeType": "Rehabilitation",
"Description": "4AH3-Rehabilitation, Orthopaedic conditions, fractures, weighted FIM motor 38-48",
"AverageLengthofStay": 22.9,
"LowerBound": 15,
"UpperBound": 35,
"SameDay": 0,
"Overnight": 0,
"ShortStayOutlierPerDiem": 0.2856,
"InlierPerDiem": 4.284,
"LongStayOutlierPerDiem": 0.1667,
"HealthType": "Non-mental Health",
"IsPaedClass": false}, 
{
"ANSNAP": "4AH4",
"EpisodeType": "Rehabilitation",
"Description": "4AH4-Rehabilitation, Orthopaedic conditions, fractures, weighted FIM motor 19-37",
"AverageLengthofStay": 27.6,
"LowerBound": 18,
"UpperBound": 42,
"SameDay": 0,
"Overnight": 0,
"ShortStayOutlierPerDiem": 0.2867,
"InlierPerDiem": 5.1598,
"LongStayOutlierPerDiem": 0.1666,
"HealthType": "Non-mental Health",
"IsPaedClass": false}, 
{
"ANSNAP": "4A21",
"EpisodeType": "Rehabilitation",
"Description": "4A21-Rehabilitation, Orthopaedic conditions, all other (including replacements), weighted FIM motor 68-91",
"AverageLengthofStay": 11.25,
"LowerBound": 7,
"UpperBound": 17,
"SameDay": 0,
"Overnight": 0,
"ShortStayOutlierPerDiem": 0.2955,
"InlierPerDiem": 2.0682,
"LongStayOutlierPerDiem": 0.1652,
"HealthType": "Non-mental Health",
"IsPaedClass": false}, 
{
"ANSNAP": "4A22",
"EpisodeType": "Rehabilitation",
"Description": "4A22-Rehabilitation, Orthopaedic conditions, all other (including replacements), weighted FIM motor 50-67",
"AverageLengthofStay": 13.82,
"LowerBound": 9,
"UpperBound": 21,
"SameDay": 0,
"Overnight": 0,
"ShortStayOutlierPerDiem": 0.2888,
"InlierPerDiem": 2.5994,
"LongStayOutlierPerDiem": 0.1683,
"HealthType": "Non-mental Health",
"IsPaedClass": false}, 
{
"ANSNAP": "4A23",
"EpisodeType": "Rehabilitation",
"Description": "4A23-Rehabilitation, Orthopaedic conditions, all other (including replacements), weighted FIM motor 19-49",
"AverageLengthofStay": 20.3,
"LowerBound": 13,
"UpperBound": 31,
"SameDay": 0,
"Overnight": 0,
"ShortStayOutlierPerDiem": 0.2935,
"InlierPerDiem": 3.8151,
"LongStayOutlierPerDiem": 0.1683,
"HealthType": "Non-mental Health",
"IsPaedClass": false}, 
{
"ANSNAP": "4A31",
"EpisodeType": "Rehabilitation",
"Description": "4A31-Rehabilitation, Cardiac, Pain syndromes, Pulmonary, weighted FIM motor 72-91",
"AverageLengthofStay": 10.52,
"LowerBound": 7,
"UpperBound": 16,
"SameDay": 0,
"Overnight": 0,
"ShortStayOutlierPerDiem": 0.2933,
"InlierPerDiem": 2.0529,
"LongStayOutlierPerDiem": 0.1109,
"HealthType": "Non-mental Health",
"IsPaedClass": false}, 
{
"ANSNAP": "4A32",
"EpisodeType": "Rehabilitation",
"Description": "4A32-Rehabilitation, Cardiac, Pain syndromes, Pulmonary, weighted FIM motor 55-71",
"AverageLengthofStay": 14.14,
"LowerBound": 9,
"UpperBound": 22,
"SameDay": 0,
"Overnight": 0,
"ShortStayOutlierPerDiem": 0.3053,
"InlierPerDiem": 2.7474,
"LongStayOutlierPerDiem": 0.1585,
"HealthType": "Non-mental Health",
"IsPaedClass": false}, 
{
"ANSNAP": "4A33",
"EpisodeType": "Rehabilitation",
"Description": "4A33-Rehabilitation, Cardiac, Pain syndromes, Pulmonary, weighted FIM motor 34-54",
"AverageLengthofStay": 18.75,
"LowerBound": 12,
"UpperBound": 29,
"SameDay": 0,
"Overnight": 0,
"ShortStayOutlierPerDiem": 0.3088,
"InlierPerDiem": 3.7052,
"LongStayOutlierPerDiem": 0.1702,
"HealthType": "Non-mental Health",
"IsPaedClass": false}, 
{
"ANSNAP": "4A34",
"EpisodeType": "Rehabilitation",
"Description": "4A34-Rehabilitation, Cardiac, Pain syndromes, Pulmonary, weighted FIM motor 19-33",
"AverageLengthofStay": 22.49,
"LowerBound": 14,
"UpperBound": 34,
"SameDay": 0,
"Overnight": 0,
"ShortStayOutlierPerDiem": 0.3323,
"InlierPerDiem": 4.6523,
"LongStayOutlierPerDiem": 0.1843,
"HealthType": "Non-mental Health",
"IsPaedClass": false}, 
{
"ANSNAP": "4AP1",
"EpisodeType": "Rehabilitation",
"Description": "4AP1-Rehabilitation, Major Multiple Trauma, weighted FIM motor 19-91",
"AverageLengthofStay": 24.97,
"LowerBound": 16,
"UpperBound": 38,
"SameDay": 0,
"Overnight": 0,
"ShortStayOutlierPerDiem": 0.3603,
"InlierPerDiem": 5.7649,
"LongStayOutlierPerDiem": 0.2446,
"HealthType": "Non-mental Health",
"IsPaedClass": false}, 
{
"ANSNAP": "4AR1",
"EpisodeType": "Rehabilitation",
"Description": "4AR1-Rehabilitation, Reconditioning, weighted FIM motor 67-91",
"AverageLengthofStay": 13.13,
"LowerBound": 8,
"UpperBound": 20,
"SameDay": 0,
"Overnight": 0,
"ShortStayOutlierPerDiem": 0.3192,
"InlierPerDiem": 2.5532,
"LongStayOutlierPerDiem": 0.1731,
"HealthType": "Non-mental Health",
"IsPaedClass": false}, 
{
"ANSNAP": "4AR2",
"EpisodeType": "Rehabilitation",
"Description": "4AR2-Rehabilitation, Reconditioning, weighted FIM motor 50-66, FIM cognition 26-35",
"AverageLengthofStay": 16.66,
"LowerBound": 11,
"UpperBound": 25,
"SameDay": 0,
"Overnight": 0,
"ShortStayOutlierPerDiem": 0.2985,
"InlierPerDiem": 3.284,
"LongStayOutlierPerDiem": 0.1743,
"HealthType": "Non-mental Health",
"IsPaedClass": false}, 
{
"ANSNAP": "4AR3",
"EpisodeType": "Rehabilitation",
"Description": "4AR3-Rehabilitation, Reconditioning, weighted FIM motor 50-66, FIM cognition 5-25",
"AverageLengthofStay": 17.87,
"LowerBound": 11,
"UpperBound": 27,
"SameDay": 0,
"Overnight": 0,
"ShortStayOutlierPerDiem": 0.3197,
"InlierPerDiem": 3.5169,
"LongStayOutlierPerDiem": 0.1742,
"HealthType": "Non-mental Health",
"IsPaedClass": false}, 
{
"ANSNAP": "4AR4",
"EpisodeType": "Rehabilitation",
"Description": "4AR4-Rehabilitation, Reconditioning, weighted FIM motor 34-49, FIM cognition 31-35",
"AverageLengthofStay": 21.16,
"LowerBound": 14,
"UpperBound": 32,
"SameDay": 0,
"Overnight": 0,
"ShortStayOutlierPerDiem": 0.3061,
"InlierPerDiem": 4.286,
"LongStayOutlierPerDiem": 0.1738,
"HealthType": "Non-mental Health",
"IsPaedClass": false}, 
{
"ANSNAP": "4AR5",
"EpisodeType": "Rehabilitation",
"Description": "4AR5-Rehabilitation, Reconditioning, weighted FIM motor 34-49, FIM cognition 5-30",
"AverageLengthofStay": 20.51,
"LowerBound": 13,
"UpperBound": 31,
"SameDay": 0,
"Overnight": 0,
"ShortStayOutlierPerDiem": 0.3197,
"InlierPerDiem": 4.1562,
"LongStayOutlierPerDiem": 0.1796,
"HealthType": "Non-mental Health",
"IsPaedClass": false}, 
{
"ANSNAP": "4AR6",
"EpisodeType": "Rehabilitation",
"Description": "4AR6-Rehabilitation, Reconditioning, weighted FIM motor 19-33",
"AverageLengthofStay": 24.41,
"LowerBound": 16,
"UpperBound": 37,
"SameDay": 0,
"Overnight": 0,
"ShortStayOutlierPerDiem": 0.3226,
"InlierPerDiem": 5.1608,
"LongStayOutlierPerDiem": 0.1819,
"HealthType": "Non-mental Health",
"IsPaedClass": false}, 
{
"ANSNAP": "4A91",
"EpisodeType": "Rehabilitation",
"Description": "4A91-Rehabilitation, All other impairments, weighted FIM motor 55-91",
"AverageLengthofStay": 15.5,
"LowerBound": 10,
"UpperBound": 24,
"SameDay": 0,
"Overnight": 0,
"ShortStayOutlierPerDiem": 0.305,
"InlierPerDiem": 3.0504,
"LongStayOutlierPerDiem": 0.1776,
"HealthType": "Non-mental Health",
"IsPaedClass": false}, 
{
"ANSNAP": "4A92",
"EpisodeType": "Rehabilitation",
"Description": "4A92-Rehabilitation, All other impairments, weighted FIM motor 33-54",
"AverageLengthofStay": 20.77,
"LowerBound": 13,
"UpperBound": 32,
"SameDay": 0,
"Overnight": 0,
"ShortStayOutlierPerDiem": 0.3086,
"InlierPerDiem": 4.0116,
"LongStayOutlierPerDiem": 0.1712,
"HealthType": "Non-mental Health",
"IsPaedClass": false}, 
{
"ANSNAP": "4A93",
"EpisodeType": "Rehabilitation",
"Description": "4A93-Rehabilitation, All other impairments, weighted FIM motor 19-32",
"AverageLengthofStay": 24.87,
"LowerBound": 16,
"UpperBound": 38,
"SameDay": 0,
"Overnight": 0,
"ShortStayOutlierPerDiem": 0.3369,
"InlierPerDiem": 5.3907,
"LongStayOutlierPerDiem": 0.1809,
"HealthType": "Non-mental Health",
"IsPaedClass": false}, 
{
"ANSNAP": "4J01",
"EpisodeType": "Rehabilitation",
"Description": "4J01-Rehabilitation, Adult Same-Day Rehabilitation",
"AverageLengthofStay": 1,
"LowerBound": 0,
"UpperBound": 0,
"SameDay": 0.1005,
"Overnight": 0,
"ShortStayOutlierPerDiem": 0,
"InlierPerDiem": 0,
"LongStayOutlierPerDiem": 0,
"HealthType": "Non-mental Health",
"IsPaedClass": false}, 
{
"ANSNAP": "4BS1",
"EpisodeType": "Palliative Care",
"Description": "4BS1-Palliative Care, Stable phase, RUG-ADL 4-5",
"AverageLengthofStay": 7.61,
"LowerBound": 5,
"UpperBound": 12,
"SameDay": 0,
"Overnight": 0,
"ShortStayOutlierPerDiem": 0.3146,
"InlierPerDiem": 1.5731,
"LongStayOutlierPerDiem": 0.158,
"HealthType": "Non-mental Health",
"IsPaedClass": false}, 
{
"ANSNAP": "4BS2",
"EpisodeType": "Palliative Care",
"Description": "4BS2-Palliative Care, Stable phase, RUG-ADL 6-16",
"AverageLengthofStay": 8.17,
"LowerBound": 5,
"UpperBound": 13,
"SameDay": 0,
"Overnight": 0,
"ShortStayOutlierPerDiem": 0.3512,
"InlierPerDiem": 1.7562,
"LongStayOutlierPerDiem": 0.1644,
"HealthType": "Non-mental Health",
"IsPaedClass": false}, 
{
"ANSNAP": "4BS3",
"EpisodeType": "Palliative Care",
"Description": "4BS3-Palliative Care, Stable phase, RUG-ADL 17-18",
"AverageLengthofStay": 8.24,
"LowerBound": 5,
"UpperBound": 13,
"SameDay": 0,
"Overnight": 0,
"ShortStayOutlierPerDiem": 0.3354,
"InlierPerDiem": 1.6771,
"LongStayOutlierPerDiem": 0.1669,
"HealthType": "Non-mental Health",
"IsPaedClass": false}, 
{
"ANSNAP": "4BU1",
"EpisodeType": "Palliative Care",
"Description": "4BU1-Palliative Care, Unstable phase, First Phase in Episode, RUG-ADL 4-13",
"AverageLengthofStay": 2.61,
"LowerBound": 1,
"UpperBound": 4,
"SameDay": 0,
"Overnight": 0,
"ShortStayOutlierPerDiem": 0,
"InlierPerDiem": 0.3429,
"LongStayOutlierPerDiem": 0.2019,
"HealthType": "Non-mental Health",
"IsPaedClass": false}, 
{
"ANSNAP": "4BU2",
"EpisodeType": "Palliative Care",
"Description": "4BU2-Palliative Care, Unstable phase, First Phase in Episode, RUG-ADL 14-18",
"AverageLengthofStay": 2.68,
"LowerBound": 1,
"UpperBound": 5,
"SameDay": 0,
"Overnight": 0,
"ShortStayOutlierPerDiem": 0,
"InlierPerDiem": 0.3672,
"LongStayOutlierPerDiem": 0.2077,
"HealthType": "Non-mental Health",
"IsPaedClass": false}, 
{
"ANSNAP": "4BU3",
"EpisodeType": "Palliative Care",
"Description": "4BU3-Palliative Care, Unstable phase, Not first Phase in Episode, RUG-ADL 4-5",
"AverageLengthofStay": 2.33,
"LowerBound": 1,
"UpperBound": 4,
"SameDay": 0,
"Overnight": 0,
"ShortStayOutlierPerDiem": 0,
"InlierPerDiem": 0.7525,
"LongStayOutlierPerDiem": 0.1585,
"HealthType": "Non-mental Health",
"IsPaedClass": false}, 
{
"ANSNAP": "4BU4",
"EpisodeType": "Palliative Care",
"Description": "4BU4-Palliative Care, Unstable phase, Not first Phase in Episode, RUG-ADL 6-18",
"AverageLengthofStay": 2.26,
"LowerBound": 1,
"UpperBound": 4,
"SameDay": 0,
"Overnight": 0,
"ShortStayOutlierPerDiem": 0,
"InlierPerDiem": 0.7307,
"LongStayOutlierPerDiem": 0.2419,
"HealthType": "Non-mental Health",
"IsPaedClass": false}, 
{
"ANSNAP": "4BD1",
"EpisodeType": "Palliative Care",
"Description": "4BD1-Palliative Care, Deteriorating phase, RUG-ADL 4-14",
"AverageLengthofStay": 6.17,
"LowerBound": 4,
"UpperBound": 10,
"SameDay": 0,
"Overnight": 0,
"ShortStayOutlierPerDiem": 0.3563,
"InlierPerDiem": 1.4251,
"LongStayOutlierPerDiem": 0.1467,
"HealthType": "Non-mental Health",
"IsPaedClass": false}, 
{
"ANSNAP": "4BD2",
"EpisodeType": "Palliative Care",
"Description": "4BD2-Palliative Care, Deteriorating phase, RUG-ADL 15-18, Age >= 75",
"AverageLengthofStay": 4.09,
"LowerBound": 2,
"UpperBound": 7,
"SameDay": 0,
"Overnight": 0,
"ShortStayOutlierPerDiem": 0.415,
"InlierPerDiem": 0.83,
"LongStayOutlierPerDiem": 0.1801,
"HealthType": "Non-mental Health",
"IsPaedClass": false}, 
{
"ANSNAP": "4BD3",
"EpisodeType": "Palliative Care",
"Description": "4BD3-Palliative Care, Deteriorating phase, RUG-ADL 15-18, Age 55-74",
"AverageLengthofStay": 4.23,
"LowerBound": 2,
"UpperBound": 7,
"SameDay": 0,
"Overnight": 0,
"ShortStayOutlierPerDiem": 0.4567,
"InlierPerDiem": 0.9134,
"LongStayOutlierPerDiem": 0.1894,
"HealthType": "Non-mental Health",
"IsPaedClass": false}, 
{
"ANSNAP": "4BD4",
"EpisodeType": "Palliative Care",
"Description": "4BD4-Palliative Care, Deteriorating phase, RUG-ADL 15-18, Age <= 54",
"AverageLengthofStay": 5.8,
"LowerBound": 3,
"UpperBound": 9,
"SameDay": 0,
"Overnight": 0,
"ShortStayOutlierPerDiem": 0.3953,
"InlierPerDiem": 1.186,
"LongStayOutlierPerDiem": 0.1847,
"HealthType": "Non-mental Health",
"IsPaedClass": false}, 
{
"ANSNAP": "4BT1",
"EpisodeType": "Palliative Care",
"Description": "4BT1-Palliative Care, Terminal phase",
"AverageLengthofStay": 2.04,
"LowerBound": 1,
"UpperBound": 4,
"SameDay": 0.2514,
"Overnight": 0,
"ShortStayOutlierPerDiem": 0,
"InlierPerDiem": 0.6202,
"LongStayOutlierPerDiem": 0.2245,
"HealthType": "Non-mental Health",
"IsPaedClass": false}, 
{
"ANSNAP": "4K01",
"EpisodeType": "Palliative Care",
"Description": "4K01-Palliative Care, Adult Same-Day Palliative Care",
"AverageLengthofStay": 1,
"LowerBound": 0,
"UpperBound": 0,
"SameDay": 0.0844,
"Overnight": 0,
"ShortStayOutlierPerDiem": 0,
"InlierPerDiem": 0,
"LongStayOutlierPerDiem": 0,
"HealthType": "Non-mental Health",
"IsPaedClass": false}, 
{
"ANSNAP": "4CH1",
"EpisodeType": "GEM",
"Description": "4CH1-GEM, FIM motor 57-91 with Delirium or Dementia",
"AverageLengthofStay": 21.6,
"LowerBound": 14,
"UpperBound": 33,
"SameDay": 0,
"Overnight": 0,
"ShortStayOutlierPerDiem": 0.27,
"InlierPerDiem": 3.7804,
"LongStayOutlierPerDiem": 0.166,
"HealthType": "Non-mental Health",
"IsPaedClass": false}, 
{
"ANSNAP": "4CH2",
"EpisodeType": "GEM",
"Description": "4CH2-GEM, FIM motor 57-91 without Delirium or Dementia",
"AverageLengthofStay": 14.24,
"LowerBound": 9,
"UpperBound": 22,
"SameDay": 0,
"Overnight": 0,
"ShortStayOutlierPerDiem": 0.2854,
"InlierPerDiem": 2.5689,
"LongStayOutlierPerDiem": 0.1479,
"HealthType": "Non-mental Health",
"IsPaedClass": false}, 
{
"ANSNAP": "4CM1",
"EpisodeType": "GEM",
"Description": "4CM1-GEM, FIM motor 18-56 with Delirium or Dementia",
"AverageLengthofStay": 25.6,
"LowerBound": 17,
"UpperBound": 39,
"SameDay": 0,
"Overnight": 0,
"ShortStayOutlierPerDiem": 0.2608,
"InlierPerDiem": 4.4333,
"LongStayOutlierPerDiem": 0.1524,
"HealthType": "Non-mental Health",
"IsPaedClass": false}, 
{
"ANSNAP": "4CM2",
"EpisodeType": "GEM",
"Description": "4CM2-GEM, FIM motor 18-56 without Delirium or Dementia",
"AverageLengthofStay": 21.33,
"LowerBound": 14,
"UpperBound": 32,
"SameDay": 0,
"Overnight": 0,
"ShortStayOutlierPerDiem": 0.265,
"InlierPerDiem": 3.7107,
"LongStayOutlierPerDiem": 0.1597,
"HealthType": "Non-mental Health",
"IsPaedClass": false}, 
{
"ANSNAP": "4CL1",
"EpisodeType": "GEM",
"Description": "4CL1-GEM, FIM motor 13-17 with Delirium or Dementia",
"AverageLengthofStay": 28.24,
"LowerBound": 18,
"UpperBound": 43,
"SameDay": 0,
"Overnight": 0,
"ShortStayOutlierPerDiem": 0.2683,
"InlierPerDiem": 4.8298,
"LongStayOutlierPerDiem": 0.1584,
"HealthType": "Non-mental Health",
"IsPaedClass": false}, 
{
"ANSNAP": "4CL2",
"EpisodeType": "GEM",
"Description": "4CL2-GEM, FIM motor 13-17 without Delirium or Dementia",
"AverageLengthofStay": 24.7,
"LowerBound": 16,
"UpperBound": 38,
"SameDay": 0,
"Overnight": 0,
"ShortStayOutlierPerDiem": 0.2836,
"InlierPerDiem": 4.538,
"LongStayOutlierPerDiem": 0.16,
"HealthType": "Non-mental Health",
"IsPaedClass": false}, 
{
"ANSNAP": "4L01",
"EpisodeType": "GEM",
"Description": "4L01-GEM, Same-Day GEM",
"AverageLengthofStay": 1.01,
"LowerBound": 0,
"UpperBound": 0,
"SameDay": 0.1349,
"Overnight": 0,
"ShortStayOutlierPerDiem": 0,
"InlierPerDiem": 0,
"LongStayOutlierPerDiem": 0,
"HealthType": "Non-mental Health",
"IsPaedClass": false}, 
{
"ANSNAP": "4DS1",
"EpisodeType": "Psychogeriatric Care",
"Description": "4DS1-Psychogeriatric Care, HoNOS 65+ Overactive behaviour 3-4, LOS <= 91",
"AverageLengthofStay": 30.35,
"LowerBound": 20,
"UpperBound": 46,
"SameDay": 0,
"Overnight": 0,
"ShortStayOutlierPerDiem": 0.3987,
"InlierPerDiem": 7.9737,
"LongStayOutlierPerDiem": 0.2287,
"HealthType": "Mental Health",
"IsPaedClass": false}, 
{
"ANSNAP": "4DS2",
"EpisodeType": "Psychogeriatric Care",
"Description": "4DS2-Psychogeriatric Care, HoNOS 65+ Overactive behaviour 1-2, HoNOS 65+ ADL 4, LOS <= 91",
"AverageLengthofStay": 33.61,
"LowerBound": 22,
"UpperBound": 51,
"SameDay": 0,
"Overnight": 0,
"ShortStayOutlierPerDiem": 0.4022,
"InlierPerDiem": 8.848,
"LongStayOutlierPerDiem": 0.2285,
"HealthType": "Mental Health",
"IsPaedClass": false}, 
{
"ANSNAP": "4DS3",
"EpisodeType": "Psychogeriatric Care",
"Description": "4DS3-Psychogeriatric Care, HoNOS 65+ Overactive behaviour 1-2, HoNOS 65+ ADL 0-3, LOS <= 91",
"AverageLengthofStay": 29.17,
"LowerBound": 19,
"UpperBound": 44,
"SameDay": 0,
"Overnight": 0,
"ShortStayOutlierPerDiem": 0.4264,
"InlierPerDiem": 8.1022,
"LongStayOutlierPerDiem": 0.2596,
"HealthType": "Mental Health",
"IsPaedClass": false}, 
{
"ANSNAP": "4DS4",
"EpisodeType": "Psychogeriatric Care",
"Description": "4DS4-Psychogeriatric Care, HoNOS 65+ Overactive behaviour 0, HoNOS 65+ total 18-48, LOS <= 91",
"AverageLengthofStay": 36.23,
"LowerBound": 24,
"UpperBound": 55,
"SameDay": 0,
"Overnight": 0,
"ShortStayOutlierPerDiem": 0.3178,
"InlierPerDiem": 7.6269,
"LongStayOutlierPerDiem": 0.1738,
"HealthType": "Mental Health",
"IsPaedClass": false}, 
{
"ANSNAP": "4DS5",
"EpisodeType": "Psychogeriatric Care",
"Description": "4DS5-Psychogeriatric Care, HoNOS 65+ Overactive behaviour 0, HoNOS 65+ total 0-17, LOS <= 91",
"AverageLengthofStay": 26.62,
"LowerBound": 17,
"UpperBound": 40,
"SameDay": 0,
"Overnight": 0,
"ShortStayOutlierPerDiem": 0.4372,
"InlierPerDiem": 7.4332,
"LongStayOutlierPerDiem": 0.2232,
"HealthType": "Mental Health",
"IsPaedClass": false}, 
{
"ANSNAP": "4DL1",
"EpisodeType": "Psychogeriatric Care",
"Description": "4DL1-Psychogeriatric Care, Long term care",
"AverageLengthofStay": 141.98,
"LowerBound": 94,
"UpperBound": 162,
"SameDay": 0,
"Overnight": 0,
"ShortStayOutlierPerDiem": 0.2921,
"InlierPerDiem": 27.454,
"LongStayOutlierPerDiem": 0.1055,
"HealthType": "Mental Health",
"IsPaedClass": false}, 
{
"ANSNAP": "4M01",
"EpisodeType": "Psychogeriatric Care",
"Description": "4M01-Psychogeriatric Care, Same-Day Psychogeriatric Care",
"AverageLengthofStay": 1,
"LowerBound": 0,
"UpperBound": 0,
"SameDay": 0.1072,
"Overnight": 0,
"ShortStayOutlierPerDiem": 0,
"InlierPerDiem": 0,
"LongStayOutlierPerDiem": 0,
"HealthType": "Mental Health",
"IsPaedClass": false}, 
{
"ANSNAP": "4ES1",
"EpisodeType": "Maintenance",
"Description": "4ES1-Maintenance, Age >= 60, RUG-ADL 4-11, LOS <= 91",
"AverageLengthofStay": 14.94,
"LowerBound": 9,
"UpperBound": 23,
"SameDay": 0,
"Overnight": 0,
"ShortStayOutlierPerDiem": 0.3261,
"InlierPerDiem": 2.9347,
"LongStayOutlierPerDiem": 0.1765,
"HealthType": "Non-mental Health",
"IsPaedClass": false}, 
{
"ANSNAP": "4ES2",
"EpisodeType": "Maintenance",
"Description": "4ES2-Maintenance, Age >= 60, RUG-ADL 12-15, LOS <= 91",
"AverageLengthofStay": 15.27,
"LowerBound": 10,
"UpperBound": 23,
"SameDay": 0,
"Overnight": 0,
"ShortStayOutlierPerDiem": 0.2868,
"InlierPerDiem": 2.8684,
"LongStayOutlierPerDiem": 0.1618,
"HealthType": "Non-mental Health",
"IsPaedClass": false}, 
{
"ANSNAP": "4ES3",
"EpisodeType": "Maintenance",
"Description": "4ES3-Maintenance, Age >= 60, RUG-ADL 16-18, LOS <= 91",
"AverageLengthofStay": 15.03,
"LowerBound": 10,
"UpperBound": 23,
"SameDay": 0,
"Overnight": 0,
"ShortStayOutlierPerDiem": 0.293,
"InlierPerDiem": 2.9299,
"LongStayOutlierPerDiem": 0.1728,
"HealthType": "Non-mental Health",
"IsPaedClass": false}, 
{
"ANSNAP": "4ES4",
"EpisodeType": "Maintenance",
"Description": "4ES4-Maintenance, Age 18-59, LOS <= 91",
"AverageLengthofStay": 15.41,
"LowerBound": 10,
"UpperBound": 24,
"SameDay": 0,
"Overnight": 0,
"ShortStayOutlierPerDiem": 0.3655,
"InlierPerDiem": 3.6554,
"LongStayOutlierPerDiem": 0.2097,
"HealthType": "Non-mental Health",
"IsPaedClass": false}, 
{
"ANSNAP": "4EL1",
"EpisodeType": "Maintenance",
"Description": "4EL1-Maintenance, Long term care",
"AverageLengthofStay": 246.62,
"LowerBound": 164,
"UpperBound": 267,
"SameDay": 0,
"Overnight": 0,
"ShortStayOutlierPerDiem": 0.2274,
"InlierPerDiem": 37.2887,
"LongStayOutlierPerDiem": 0.1807,
"HealthType": "Non-mental Health",
"IsPaedClass": false}, 
{
"ANSNAP": "Rehabilitation",
"EpisodeType": "Rehabilitation",
"Description": "Rehabilitation-Rehabilitation, Mental Health",
"AverageLengthofStay": 0,
"LowerBound": 0,
"UpperBound": 0,
"SameDay": 0.0955,
"Overnight": 0,
"ShortStayOutlierPerDiem": 0,
"InlierPerDiem": 0,
"LongStayOutlierPerDiem": 0.1567,
"HealthType": "Mental Health",
"IsPaedClass": false}, 
{
"ANSNAP": "Maintenance",
"EpisodeType": "Maintenance",
"Description": "Maintenance-Maintenance, Mental Health",
"AverageLengthofStay": 0,
"LowerBound": 0,
"UpperBound": 0,
"SameDay": 0.0618,
"Overnight": 0,
"ShortStayOutlierPerDiem": 0,
"InlierPerDiem": 0,
"LongStayOutlierPerDiem": 0.1251,
"HealthType": "Mental Health",
"IsPaedClass": false}, 
{
"ANSNAP": "Paediatric Palliative Care",
"EpisodeType": "Palliative Care",
"Description": "Paed-001-Palliative Care, Paediatric Palliative Care",
"AverageLengthofStay": 0,
"LowerBound": 0,
"UpperBound": 0,
"SameDay": 0.4978,
"Overnight": 0.4978,
"ShortStayOutlierPerDiem": 0,
"InlierPerDiem": 0,
"LongStayOutlierPerDiem": 0,
"HealthType": "Non-mental Health",
"IsPaedClass": true}, 
{
"ANSNAP": "Paediatric Rehabilitation",
"EpisodeType": "Rehabilitation",
"Description": "Paed-002-Rehabilitation, Paediatric Rehabilitation",
"AverageLengthofStay": 0,
"LowerBound": 0,
"UpperBound": 0,
"SameDay": 0.3158,
"Overnight": 0.3475,
"ShortStayOutlierPerDiem": 0,
"InlierPerDiem": 0,
"LongStayOutlierPerDiem": 0,
"HealthType": "Non-mental Health",
"IsPaedClass": true}, 
{
"ANSNAP": "Paediatric Maintenance",
"EpisodeType": "Maintenance",
"Description": "Paed-003-Maintenance, Paediatric Maintenance",
"AverageLengthofStay": 0,
"LowerBound": 0,
"UpperBound": 0,
"SameDay": 0.0956,
"Overnight": 0.3325,
"ShortStayOutlierPerDiem": 0,
"InlierPerDiem": 0,
"LongStayOutlierPerDiem": 0,
"HealthType": "Non-mental Health",
"IsPaedClass": true}
]}
