{ "SubacuteAdjustment":{ 
"IndigenousAdj": 0.04,
"RegionAdj": {"Outer": 0.08,"Remote": 0.2,"VeryRemote": 0.25},
"PrivSerAdj": {"GEM": 0.036,"Maintenance": 0.023,"PalliativeCare": 0.038,"Psychogeriatric": 0.039,"Rehabilitation": 0.041},
"PrivAccAdj": {"NSWSameDay": 0.0514,"NSWOvernight": 0.0708,"VICSameDay": 0.0503,"VICOvernight": 0.0674,"QLDSameDay": 0.0526,"QLDOvernight": 0.0726,"SASameDay": 0.0514,"SAOvernight": 0.0708,"WASameDay": 0.0584,"WAOvernight": 0.0708,"TASSameDay": 0.0499,"TASOvernight": 0.0679,"NTSameDay": 0.0507,"NTOvernight": 0.0699,"ACTSameDay": 0.0514,"ACTOvernight": 0.0708},
"IndigenousAdj_2014": 0.17,
"RadiotherapyAdj_2014": 0.24,
"Paed_adj_2014": 1.96,
"PaedAge_2014": 17,
"RegionAdj_2014": {"Outer": 0.07,"Remote": 0.15,"VeryRemote": 0.21},
"PrivSerAdj_2014": {"GEM": 0.034,"Maintenance": 0.021,"OtherAdmitted": 0.033,"PalliativeCare": 0.026,"Psychogeriatric": 0.033,"Rehabilitation": 0.037},
"PrivAccAdj_2014": {"NSWSameDay": 0.0487,"NSWOvernight": 0.0673,"VICSameDay": 0.0477,"VICOvernight": 0.0635,"QLDSameDay": 0.0497,"QLDOvernight": 0.0683,"SASameDay": 0.0487,"SAOvernight": 0.0673,"WASameDay": 0.0551,"WAOvernight": 0.0673,"TASSameDay": 0.0471,"TASOvernight": 0.0641,"NTSameDay": 0.0473,"NTOvernight": 0.655,"ACTSameDay": 0.0487,"ACTOvernight": 0.0673}
}}
